# File produced by Open Asset Import Library (http://www.assimp.sf.net)
# (assimp v3.1.151885474)

mtllib Finish_Flag.mtl

# vertex positions
v 0.112652 -7.467492 26.110350
v 0.112652 -6.720742 26.110350
v -0.112652 -6.720742 26.110350
v -0.112652 -7.467492 26.110350
v 0.112652 -5.973993 26.110350
v -0.112652 -5.973993 26.110350
v 0.112652 -5.227243 26.110350
v -0.112652 -5.227243 26.110350
v 0.112652 -4.480494 26.110350
v -0.112652 -4.480494 26.110350
v 0.112652 -3.733745 26.110350
v -0.112652 -3.733745 26.110350
v 0.112652 -2.986996 26.110350
v -0.112652 -2.986996 26.110350
v 0.112652 -2.240247 26.110350
v -0.112652 -2.240247 26.110350
v 0.112652 -1.493498 26.110350
v -0.112652 -1.493498 26.110350
v 0.112652 -0.746749 26.110350
v -0.112652 -0.746749 26.110350
v 0.112652 0.000001 26.110350
v -0.112652 0.000001 26.110350
v 0.112652 0.746750 26.110350
v -0.112652 0.746750 26.110350
v 0.112652 1.493499 26.110350
v -0.112652 1.493499 26.110350
v 0.112652 2.240248 26.110350
v -0.112652 2.240248 26.110350
v 0.112652 2.986997 26.110350
v -0.112652 2.986997 26.110350
v 0.112652 3.733746 26.110350
v -0.112652 3.733746 26.110350
v 0.112652 4.480495 26.110350
v -0.112652 4.480495 26.110350
v 0.112652 5.227244 26.110350
v -0.112652 5.227244 26.110350
v 0.112652 5.973994 26.110350
v -0.112652 5.973994 26.110350
v 0.112652 6.720743 26.110350
v -0.112652 6.720743 26.110350
v 0.112652 7.467493 26.110350
v -0.112652 7.467493 26.110350
v -0.112652 -6.720742 23.499313
v -0.112652 -7.467492 23.499313
v -0.112652 -5.973993 23.499313
v -0.112652 -5.227243 23.499313
v -0.112652 -4.480494 23.499313
v -0.112652 -3.733745 23.499313
v -0.112652 -2.986996 23.499313
v -0.112652 -2.240247 23.499313
v -0.112652 -1.493498 23.499313
v -0.112652 -0.746749 23.499313
v -0.112652 0.000001 23.499313
v -0.112652 0.746750 23.499313
v -0.112652 1.493499 23.499313
v -0.112652 2.240248 23.499313
v -0.112652 2.986997 23.499313
v -0.112652 3.733746 23.499313
v -0.112652 4.480495 23.499313
v -0.112652 5.227244 23.499313
v -0.112652 5.973994 23.499313
v -0.112652 6.720743 23.499313
v -0.112652 7.467493 23.499313
v -0.112652 -6.720742 20.888281
v -0.112652 -7.467492 20.888281
v -0.112652 -5.973993 20.888281
v -0.112652 -5.227243 20.888281
v -0.112652 -4.480494 20.888281
v -0.112652 -3.733745 20.888281
v -0.112652 -2.986996 20.888281
v -0.112652 -2.240247 20.888281
v -0.112652 -1.493498 20.888281
v -0.112652 -0.746749 20.888281
v -0.112652 0.000001 20.888281
v -0.112652 0.746750 20.888281
v -0.112652 1.493499 20.888281
v -0.112652 2.240248 20.888281
v -0.112652 2.986997 20.888281
v -0.112652 3.733746 20.888281
v -0.112652 4.480495 20.888281
v -0.112652 5.227244 20.888281
v -0.112652 5.973994 20.888281
v -0.112652 6.720743 20.888281
v -0.112652 7.467493 20.888281
v -0.112652 -6.720742 18.277243
v -0.112652 -7.467492 18.277243
v -0.112652 -5.973993 18.277243
v -0.112652 -5.227243 18.277243
v -0.112652 -4.480494 18.277243
v -0.112652 -3.733745 18.277243
v -0.112652 -2.986996 18.277243
v -0.112652 -2.240247 18.277243
v -0.112652 -1.493498 18.277243
v -0.112652 -0.746749 18.277243
v -0.112652 0.000001 18.277243
v -0.112652 0.746750 18.277243
v -0.112652 1.493499 18.277243
v -0.112652 2.240248 18.277243
v -0.112652 2.986997 18.277243
v -0.112652 3.733746 18.277243
v -0.112652 4.480495 18.277243
v -0.112652 5.227244 18.277243
v -0.112652 5.973994 18.277243
v -0.112652 6.720743 18.277243
v -0.112652 7.467493 18.277243
v -0.112652 -6.720742 15.666207
v -0.112652 -7.467492 15.666207
v -0.112652 -5.973993 15.666207
v -0.112652 -5.227243 15.666207
v -0.112652 -4.480494 15.666207
v -0.112652 -3.733745 15.666207
v -0.112652 -2.986996 15.666207
v -0.112652 -2.240247 15.666207
v -0.112652 -1.493498 15.666207
v -0.112652 -0.746749 15.666207
v -0.112652 0.000001 15.666207
v -0.112652 0.746750 15.666207
v -0.112652 1.493499 15.666207
v -0.112652 2.240248 15.666207
v -0.112652 2.986997 15.666207
v -0.112652 3.733746 15.666207
v -0.112652 4.480495 15.666207
v -0.112652 5.227244 15.666207
v -0.112652 5.973994 15.666207
v -0.112652 6.720743 15.666207
v -0.112652 7.467493 15.666207
v -0.112652 -6.720742 13.055173
v -0.112652 -7.467492 13.055173
v -0.112652 -5.973993 13.055173
v -0.112652 -5.227243 13.055173
v -0.112652 -4.480494 13.055173
v -0.112652 -3.733745 13.055173
v -0.112652 -2.986996 13.055173
v -0.112652 -2.240247 13.055173
v -0.112652 -1.493498 13.055173
v -0.112652 -0.746749 13.055173
v -0.112652 0.000001 13.055173
v -0.112652 0.746750 13.055173
v -0.112652 1.493499 13.055173
v -0.112652 2.240248 13.055173
v -0.112652 2.986997 13.055173
v -0.112652 3.733746 13.055173
v -0.112652 4.480495 13.055173
v -0.112652 5.227244 13.055173
v -0.112652 5.973994 13.055173
v -0.112652 6.720743 13.055173
v -0.112652 7.467493 13.055173
v -0.112652 -6.720742 10.444138
v -0.112652 -7.467492 10.444138
v -0.112652 -5.973993 10.444138
v -0.112652 -5.227243 10.444138
v -0.112652 -4.480494 10.444138
v -0.112652 -3.733745 10.444138
v -0.112652 -2.986996 10.444138
v -0.112652 -2.240247 10.444138
v -0.112652 -1.493498 10.444138
v -0.112652 -0.746749 10.444138
v -0.112652 0.000001 10.444138
v -0.112652 0.746750 10.444138
v -0.112652 1.493499 10.444138
v -0.112652 2.240248 10.444138
v -0.112652 2.986997 10.444138
v -0.112652 3.733746 10.444138
v -0.112652 4.480495 10.444138
v -0.112652 5.227244 10.444138
v -0.112652 5.973994 10.444138
v -0.112652 6.720743 10.444138
v -0.112652 7.467493 10.444138
v -0.112652 -6.720742 7.833103
v -0.112652 -7.467492 7.833103
v -0.112652 -5.973993 7.833103
v -0.112652 -5.227243 7.833103
v -0.112652 -4.480494 7.833103
v -0.112652 -3.733745 7.833103
v -0.112652 -2.986996 7.833103
v -0.112652 -2.240247 7.833103
v -0.112652 -1.493498 7.833103
v -0.112652 -0.746749 7.833103
v -0.112652 0.000001 7.833103
v -0.112652 0.746750 7.833103
v -0.112652 1.493499 7.833103
v -0.112652 2.240248 7.833103
v -0.112652 2.986997 7.833103
v -0.112652 3.733746 7.833103
v -0.112652 4.480495 7.833103
v -0.112652 5.227244 7.833103
v -0.112652 5.973994 7.833103
v -0.112652 6.720743 7.833103
v -0.112652 7.467493 7.833103
v -0.112652 -6.720742 5.222068
v -0.112652 -7.467492 5.222068
v -0.112652 -5.973993 5.222068
v -0.112652 -5.227243 5.222068
v -0.112652 -4.480494 5.222068
v -0.112652 -3.733745 5.222068
v -0.112652 -2.986996 5.222068
v -0.112652 -2.240247 5.222068
v -0.112652 -1.493498 5.222068
v -0.112652 -0.746749 5.222068
v -0.112652 0.000001 5.222068
v -0.112652 0.746750 5.222068
v -0.112652 1.493499 5.222068
v -0.112652 2.240248 5.222068
v -0.112652 2.986997 5.222068
v -0.112652 3.733746 5.222068
v -0.112652 4.480495 5.222068
v -0.112652 5.227244 5.222068
v -0.112652 5.973994 5.222068
v -0.112652 6.720743 5.222068
v -0.112652 7.467493 5.222068
v -0.112652 -6.720742 2.611033
v -0.112652 -7.467492 2.611033
v -0.112652 -5.973993 2.611033
v -0.112652 -5.227243 2.611033
v -0.112652 -4.480494 2.611033
v -0.112652 -3.733745 2.611033
v -0.112652 -2.986996 2.611033
v -0.112652 -2.240247 2.611033
v -0.112652 -1.493498 2.611033
v -0.112652 -0.746749 2.611033
v -0.112652 0.000001 2.611033
v -0.112652 0.746750 2.611033
v -0.112652 1.493499 2.611033
v -0.112652 2.240248 2.611033
v -0.112652 2.986997 2.611033
v -0.112652 3.733746 2.611033
v -0.112652 4.480495 2.611033
v -0.112652 5.227244 2.611033
v -0.112652 5.973994 2.611033
v -0.112652 6.720743 2.611033
v -0.112652 7.467493 2.611033
v -0.112652 -6.720742 -0.000002
v -0.112652 -7.467492 -0.000002
v -0.112652 -5.973993 -0.000002
v -0.112652 -5.227243 -0.000002
v -0.112652 -4.480494 -0.000002
v -0.112652 -3.733745 -0.000002
v -0.112652 -2.986996 -0.000002
v -0.112652 -2.240247 -0.000002
v -0.112652 -1.493498 -0.000002
v -0.112652 -0.746749 -0.000002
v -0.112652 0.000001 -0.000002
v -0.112652 0.746750 -0.000002
v -0.112652 1.493499 -0.000002
v -0.112652 2.240248 -0.000002
v -0.112652 2.986997 -0.000002
v -0.112652 3.733746 -0.000002
v -0.112652 4.480495 -0.000002
v -0.112652 5.227244 -0.000002
v -0.112652 5.973994 -0.000002
v -0.112652 6.720743 -0.000002
v -0.112652 7.467493 -0.000002
v -0.112652 -6.720742 -2.611037
v -0.112652 -7.467492 -2.611037
v -0.112652 -5.973993 -2.611037
v -0.112652 -5.227243 -2.611037
v -0.112652 -4.480494 -2.611037
v -0.112652 -3.733745 -2.611037
v -0.112652 -2.986996 -2.611037
v -0.112652 -2.240247 -2.611037
v -0.112652 -1.493498 -2.611037
v -0.112652 -0.746749 -2.611037
v -0.112652 0.000001 -2.611037
v -0.112652 0.746750 -2.611037
v -0.112652 1.493499 -2.611037
v -0.112652 2.240248 -2.611037
v -0.112652 2.986997 -2.611037
v -0.112652 3.733746 -2.611037
v -0.112652 4.480495 -2.611037
v -0.112652 5.227244 -2.611037
v -0.112652 5.973994 -2.611037
v -0.112652 6.720743 -2.611037
v -0.112652 7.467493 -2.611037
v -0.112652 -6.720742 -5.222072
v -0.112652 -7.467492 -5.222072
v -0.112652 -5.973993 -5.222072
v -0.112652 -5.227243 -5.222072
v -0.112652 -4.480494 -5.222072
v -0.112652 -3.733745 -5.222072
v -0.112652 -2.986996 -5.222072
v -0.112652 -2.240247 -5.222072
v -0.112652 -1.493498 -5.222072
v -0.112652 -0.746749 -5.222072
v -0.112652 0.000001 -5.222072
v -0.112652 0.746750 -5.222072
v -0.112652 1.493499 -5.222072
v -0.112652 2.240248 -5.222072
v -0.112652 2.986997 -5.222072
v -0.112652 3.733746 -5.222072
v -0.112652 4.480495 -5.222072
v -0.112652 5.227244 -5.222072
v -0.112652 5.973994 -5.222072
v -0.112652 6.720743 -5.222072
v -0.112652 7.467493 -5.222072
v -0.112652 -6.720742 -7.833107
v -0.112652 -7.467492 -7.833107
v -0.112652 -5.973993 -7.833107
v -0.112652 -5.227243 -7.833107
v -0.112652 -4.480494 -7.833107
v -0.112652 -3.733745 -7.833107
v -0.112652 -2.986996 -7.833107
v -0.112652 -2.240247 -7.833107
v -0.112652 -1.493498 -7.833107
v -0.112652 -0.746749 -7.833107
v -0.112652 0.000001 -7.833107
v -0.112652 0.746750 -7.833107
v -0.112652 1.493499 -7.833107
v -0.112652 2.240248 -7.833107
v -0.112652 2.986997 -7.833107
v -0.112652 3.733746 -7.833107
v -0.112652 4.480495 -7.833107
v -0.112652 5.227244 -7.833107
v -0.112652 5.973994 -7.833107
v -0.112652 6.720743 -7.833107
v -0.112652 7.467493 -7.833107
v -0.112652 -6.720742 -10.444141
v -0.112652 -7.467492 -10.444141
v -0.112652 -5.973993 -10.444141
v -0.112652 -5.227243 -10.444141
v -0.112652 -4.480494 -10.444141
v -0.112652 -3.733745 -10.444141
v -0.112652 -2.986996 -10.444141
v -0.112652 -2.240247 -10.444141
v -0.112652 -1.493498 -10.444141
v -0.112652 -0.746749 -10.444141
v -0.112652 0.000001 -10.444141
v -0.112652 0.746750 -10.444141
v -0.112652 1.493499 -10.444141
v -0.112652 2.240248 -10.444141
v -0.112652 2.986997 -10.444141
v -0.112652 3.733746 -10.444141
v -0.112652 4.480495 -10.444141
v -0.112652 5.227244 -10.444141
v -0.112652 5.973994 -10.444141
v -0.112652 6.720743 -10.444141
v -0.112652 7.467493 -10.444141
v -0.112652 -6.720742 -13.055178
v -0.112652 -7.467492 -13.055178
v -0.112652 -5.973993 -13.055178
v -0.112652 -5.227243 -13.055178
v -0.112652 -4.480494 -13.055178
v -0.112652 -3.733745 -13.055178
v -0.112652 -2.986996 -13.055178
v -0.112652 -2.240247 -13.055178
v -0.112652 -1.493498 -13.055178
v -0.112652 -0.746749 -13.055178
v -0.112652 0.000001 -13.055178
v -0.112652 0.746750 -13.055178
v -0.112652 1.493499 -13.055178
v -0.112652 2.240248 -13.055178
v -0.112652 2.986997 -13.055178
v -0.112652 3.733746 -13.055178
v -0.112652 4.480495 -13.055178
v -0.112652 5.227244 -13.055178
v -0.112652 5.973994 -13.055178
v -0.112652 6.720743 -13.055178
v -0.112652 7.467493 -13.055178
v -0.112652 -6.720742 -15.666212
v -0.112652 -7.467492 -15.666212
v -0.112652 -5.973993 -15.666212
v -0.112652 -5.227243 -15.666212
v -0.112652 -4.480494 -15.666212
v -0.112652 -3.733745 -15.666212
v -0.112652 -2.986996 -15.666212
v -0.112652 -2.240247 -15.666212
v -0.112652 -1.493498 -15.666212
v -0.112652 -0.746749 -15.666212
v -0.112652 0.000001 -15.666212
v -0.112652 0.746750 -15.666212
v -0.112652 1.493499 -15.666212
v -0.112652 2.240248 -15.666212
v -0.112652 2.986997 -15.666212
v -0.112652 3.733746 -15.666212
v -0.112652 4.480495 -15.666212
v -0.112652 5.227244 -15.666212
v -0.112652 5.973994 -15.666212
v -0.112652 6.720743 -15.666212
v -0.112652 7.467493 -15.666212
v -0.112652 -6.720742 -18.277248
v -0.112652 -7.467492 -18.277248
v -0.112652 -5.973993 -18.277248
v -0.112652 -5.227243 -18.277248
v -0.112652 -4.480494 -18.277248
v -0.112652 -3.733745 -18.277248
v -0.112652 -2.986996 -18.277248
v -0.112652 -2.240247 -18.277248
v -0.112652 -1.493498 -18.277248
v -0.112652 -0.746749 -18.277248
v -0.112652 0.000001 -18.277248
v -0.112652 0.746750 -18.277248
v -0.112652 1.493499 -18.277248
v -0.112652 2.240248 -18.277248
v -0.112652 2.986997 -18.277248
v -0.112652 3.733746 -18.277248
v -0.112652 4.480495 -18.277248
v -0.112652 5.227244 -18.277248
v -0.112652 5.973994 -18.277248
v -0.112652 6.720743 -18.277248
v -0.112652 7.467493 -18.277248
v -0.112652 -6.720742 -20.888283
v -0.112652 -7.467492 -20.888283
v -0.112652 -5.973993 -20.888283
v -0.112652 -5.227243 -20.888283
v -0.112652 -4.480494 -20.888283
v -0.112652 -3.733745 -20.888283
v -0.112652 -2.986996 -20.888283
v -0.112652 -2.240247 -20.888283
v -0.112652 -1.493498 -20.888283
v -0.112652 -0.746749 -20.888283
v -0.112652 0.000001 -20.888283
v -0.112652 0.746750 -20.888283
v -0.112652 1.493499 -20.888283
v -0.112652 2.240248 -20.888283
v -0.112652 2.986997 -20.888283
v -0.112652 3.733746 -20.888283
v -0.112652 4.480495 -20.888283
v -0.112652 5.227244 -20.888283
v -0.112652 5.973994 -20.888283
v -0.112652 6.720743 -20.888283
v -0.112652 7.467493 -20.888283
v -0.112652 -6.720742 -23.499321
v -0.112652 -7.467492 -23.499321
v -0.112652 -5.973993 -23.499321
v -0.112652 -5.227243 -23.499321
v -0.112652 -4.480494 -23.499321
v -0.112652 -3.733745 -23.499321
v -0.112652 -2.986996 -23.499321
v -0.112652 -2.240247 -23.499321
v -0.112652 -1.493498 -23.499321
v -0.112652 -0.746749 -23.499321
v -0.112652 0.000001 -23.499321
v -0.112652 0.746750 -23.499321
v -0.112652 1.493499 -23.499321
v -0.112652 2.240248 -23.499321
v -0.112652 2.986997 -23.499321
v -0.112652 3.733746 -23.499321
v -0.112652 4.480495 -23.499321
v -0.112652 5.227244 -23.499321
v -0.112652 5.973994 -23.499321
v -0.112652 6.720743 -23.499321
v -0.112652 7.467493 -23.499321
v -0.112652 -6.720742 -26.110350
v -0.112652 -7.467492 -26.110350
v -0.112652 -5.973993 -26.110350
v -0.112652 -5.227243 -26.110350
v -0.112652 -4.480494 -26.110350
v -0.112652 -3.733745 -26.110350
v -0.112652 -2.986996 -26.110350
v -0.112652 -2.240247 -26.110350
v -0.112652 -1.493498 -26.110350
v -0.112652 -0.746749 -26.110350
v -0.112652 0.000001 -26.110350
v -0.112652 0.746750 -26.110350
v -0.112652 1.493499 -26.110350
v -0.112652 2.240248 -26.110350
v -0.112652 2.986997 -26.110350
v -0.112652 3.733746 -26.110350
v -0.112652 4.480495 -26.110350
v -0.112652 5.227244 -26.110350
v -0.112652 5.973994 -26.110350
v -0.112652 6.720743 -26.110350
v -0.112652 7.467493 -26.110350
v 0.112652 -6.720742 -26.110350
v 0.112652 -7.467492 -26.110350
v 0.112652 -5.973993 -26.110350
v 0.112652 -5.227243 -26.110350
v 0.112652 -4.480494 -26.110350
v 0.112652 -3.733745 -26.110350
v 0.112652 -2.986996 -26.110350
v 0.112652 -2.240247 -26.110350
v 0.112652 -1.493498 -26.110350
v 0.112652 -0.746749 -26.110350
v 0.112652 0.000001 -26.110350
v 0.112652 0.746750 -26.110350
v 0.112652 1.493499 -26.110350
v 0.112652 2.240248 -26.110350
v 0.112652 2.986997 -26.110350
v 0.112652 3.733746 -26.110350
v 0.112652 4.480495 -26.110350
v 0.112652 5.227244 -26.110350
v 0.112652 5.973994 -26.110350
v 0.112652 6.720743 -26.110350
v 0.112652 7.467493 -26.110350
v 0.112652 -6.720742 -23.499313
v 0.112652 -7.467492 -23.499313
v 0.112652 -5.973993 -23.499313
v 0.112652 -5.227243 -23.499313
v 0.112652 -4.480494 -23.499313
v 0.112652 -3.733745 -23.499313
v 0.112652 -2.986996 -23.499313
v 0.112652 -2.240247 -23.499313
v 0.112652 -1.493498 -23.499313
v 0.112652 -0.746749 -23.499313
v 0.112652 0.000001 -23.499313
v 0.112652 0.746750 -23.499313
v 0.112652 1.493499 -23.499313
v 0.112652 2.240248 -23.499313
v 0.112652 2.986997 -23.499313
v 0.112652 3.733746 -23.499313
v 0.112652 4.480495 -23.499313
v 0.112652 5.227244 -23.499313
v 0.112652 5.973994 -23.499313
v 0.112652 6.720743 -23.499313
v 0.112652 7.467493 -23.499313
v 0.112652 -6.720742 -20.888281
v 0.112652 -7.467492 -20.888281
v 0.112652 -5.973993 -20.888281
v 0.112652 -5.227243 -20.888281
v 0.112652 -4.480494 -20.888281
v 0.112652 -3.733745 -20.888281
v 0.112652 -2.986996 -20.888281
v 0.112652 -2.240247 -20.888281
v 0.112652 -1.493498 -20.888281
v 0.112652 -0.746749 -20.888281
v 0.112652 0.000001 -20.888281
v 0.112652 0.746750 -20.888281
v 0.112652 1.493499 -20.888281
v 0.112652 2.240248 -20.888281
v 0.112652 2.986997 -20.888281
v 0.112652 3.733746 -20.888281
v 0.112652 4.480495 -20.888281
v 0.112652 5.227244 -20.888281
v 0.112652 5.973994 -20.888281
v 0.112652 6.720743 -20.888281
v 0.112652 7.467493 -20.888281
v 0.112652 -6.720742 -18.277243
v 0.112652 -7.467492 -18.277243
v 0.112652 -5.973993 -18.277243
v 0.112652 -5.227243 -18.277243
v 0.112652 -4.480494 -18.277243
v 0.112652 -3.733745 -18.277243
v 0.112652 -2.986996 -18.277243
v 0.112652 -2.240247 -18.277243
v 0.112652 -1.493498 -18.277243
v 0.112652 -0.746749 -18.277243
v 0.112652 0.000001 -18.277243
v 0.112652 0.746750 -18.277243
v 0.112652 1.493499 -18.277243
v 0.112652 2.240248 -18.277243
v 0.112652 2.986997 -18.277243
v 0.112652 3.733746 -18.277243
v 0.112652 4.480495 -18.277243
v 0.112652 5.227244 -18.277243
v 0.112652 5.973994 -18.277243
v 0.112652 6.720743 -18.277243
v 0.112652 7.467493 -18.277243
v 0.112652 -6.720742 -15.666207
v 0.112652 -7.467492 -15.666207
v 0.112652 -5.973993 -15.666207
v 0.112652 -5.227243 -15.666207
v 0.112652 -4.480494 -15.666207
v 0.112652 -3.733745 -15.666207
v 0.112652 -2.986996 -15.666207
v 0.112652 -2.240247 -15.666207
v 0.112652 -1.493498 -15.666207
v 0.112652 -0.746749 -15.666207
v 0.112652 0.000001 -15.666207
v 0.112652 0.746750 -15.666207
v 0.112652 1.493499 -15.666207
v 0.112652 2.240248 -15.666207
v 0.112652 2.986997 -15.666207
v 0.112652 3.733746 -15.666207
v 0.112652 4.480495 -15.666207
v 0.112652 5.227244 -15.666207
v 0.112652 5.973994 -15.666207
v 0.112652 6.720743 -15.666207
v 0.112652 7.467493 -15.666207
v 0.112652 -6.720742 -13.055173
v 0.112652 -7.467492 -13.055173
v 0.112652 -5.973993 -13.055173
v 0.112652 -5.227243 -13.055173
v 0.112652 -4.480494 -13.055173
v 0.112652 -3.733745 -13.055173
v 0.112652 -2.986996 -13.055173
v 0.112652 -2.240247 -13.055173
v 0.112652 -1.493498 -13.055173
v 0.112652 -0.746749 -13.055173
v 0.112652 0.000001 -13.055173
v 0.112652 0.746750 -13.055173
v 0.112652 1.493499 -13.055173
v 0.112652 2.240248 -13.055173
v 0.112652 2.986997 -13.055173
v 0.112652 3.733746 -13.055173
v 0.112652 4.480495 -13.055173
v 0.112652 5.227244 -13.055173
v 0.112652 5.973994 -13.055173
v 0.112652 6.720743 -13.055173
v 0.112652 7.467493 -13.055173
v 0.112652 -6.720742 -10.444138
v 0.112652 -7.467492 -10.444138
v 0.112652 -5.973993 -10.444138
v 0.112652 -5.227243 -10.444138
v 0.112652 -4.480494 -10.444138
v 0.112652 -3.733745 -10.444138
v 0.112652 -2.986996 -10.444138
v 0.112652 -2.240247 -10.444138
v 0.112652 -1.493498 -10.444138
v 0.112652 -0.746749 -10.444138
v 0.112652 0.000001 -10.444138
v 0.112652 0.746750 -10.444138
v 0.112652 1.493499 -10.444138
v 0.112652 2.240248 -10.444138
v 0.112652 2.986997 -10.444138
v 0.112652 3.733746 -10.444138
v 0.112652 4.480495 -10.444138
v 0.112652 5.227244 -10.444138
v 0.112652 5.973994 -10.444138
v 0.112652 6.720743 -10.444138
v 0.112652 7.467493 -10.444138
v 0.112652 -6.720742 -7.833103
v 0.112652 -7.467492 -7.833103
v 0.112652 -5.973993 -7.833103
v 0.112652 -5.227243 -7.833103
v 0.112652 -4.480494 -7.833103
v 0.112652 -3.733745 -7.833103
v 0.112652 -2.986996 -7.833103
v 0.112652 -2.240247 -7.833103
v 0.112652 -1.493498 -7.833103
v 0.112652 -0.746749 -7.833103
v 0.112652 0.000001 -7.833103
v 0.112652 0.746750 -7.833103
v 0.112652 1.493499 -7.833103
v 0.112652 2.240248 -7.833103
v 0.112652 2.986997 -7.833103
v 0.112652 3.733746 -7.833103
v 0.112652 4.480495 -7.833103
v 0.112652 5.227244 -7.833103
v 0.112652 5.973994 -7.833103
v 0.112652 6.720743 -7.833103
v 0.112652 7.467493 -7.833103
v 0.112652 -6.720742 -5.222068
v 0.112652 -7.467492 -5.222068
v 0.112652 -5.973993 -5.222068
v 0.112652 -5.227243 -5.222068
v 0.112652 -4.480494 -5.222068
v 0.112652 -3.733745 -5.222068
v 0.112652 -2.986996 -5.222068
v 0.112652 -2.240247 -5.222068
v 0.112652 -1.493498 -5.222068
v 0.112652 -0.746749 -5.222068
v 0.112652 0.000001 -5.222068
v 0.112652 0.746750 -5.222068
v 0.112652 1.493499 -5.222068
v 0.112652 2.240248 -5.222068
v 0.112652 2.986997 -5.222068
v 0.112652 3.733746 -5.222068
v 0.112652 4.480495 -5.222068
v 0.112652 5.227244 -5.222068
v 0.112652 5.973994 -5.222068
v 0.112652 6.720743 -5.222068
v 0.112652 7.467493 -5.222068
v 0.112652 -6.720742 -2.611033
v 0.112652 -7.467492 -2.611033
v 0.112652 -5.973993 -2.611033
v 0.112652 -5.227243 -2.611033
v 0.112652 -4.480494 -2.611033
v 0.112652 -3.733745 -2.611033
v 0.112652 -2.986996 -2.611033
v 0.112652 -2.240247 -2.611033
v 0.112652 -1.493498 -2.611033
v 0.112652 -0.746749 -2.611033
v 0.112652 0.000001 -2.611033
v 0.112652 0.746750 -2.611033
v 0.112652 1.493499 -2.611033
v 0.112652 2.240248 -2.611033
v 0.112652 2.986997 -2.611033
v 0.112652 3.733746 -2.611033
v 0.112652 4.480495 -2.611033
v 0.112652 5.227244 -2.611033
v 0.112652 5.973994 -2.611033
v 0.112652 6.720743 -2.611033
v 0.112652 7.467493 -2.611033
v 0.112652 -6.720742 0.000002
v 0.112652 -7.467492 0.000002
v 0.112652 -5.973993 0.000002
v 0.112652 -5.227243 0.000002
v 0.112652 -4.480494 0.000002
v 0.112652 -3.733745 0.000002
v 0.112652 -2.986996 0.000002
v 0.112652 -2.240247 0.000002
v 0.112652 -1.493498 0.000002
v 0.112652 -0.746749 0.000002
v 0.112652 0.000001 0.000002
v 0.112652 0.746750 0.000002
v 0.112652 1.493499 0.000002
v 0.112652 2.240248 0.000002
v 0.112652 2.986997 0.000002
v 0.112652 3.733746 0.000002
v 0.112652 4.480495 0.000002
v 0.112652 5.227244 0.000002
v 0.112652 5.973994 0.000002
v 0.112652 6.720743 0.000002
v 0.112652 7.467493 0.000002
v 0.112652 -6.720742 2.611037
v 0.112652 -7.467492 2.611037
v 0.112652 -5.973993 2.611037
v 0.112652 -5.227243 2.611037
v 0.112652 -4.480494 2.611037
v 0.112652 -3.733745 2.611037
v 0.112652 -2.986996 2.611037
v 0.112652 -2.240247 2.611037
v 0.112652 -1.493498 2.611037
v 0.112652 -0.746749 2.611037
v 0.112652 0.000001 2.611037
v 0.112652 0.746750 2.611037
v 0.112652 1.493499 2.611037
v 0.112652 2.240248 2.611037
v 0.112652 2.986997 2.611037
v 0.112652 3.733746 2.611037
v 0.112652 4.480495 2.611037
v 0.112652 5.227244 2.611037
v 0.112652 5.973994 2.611037
v 0.112652 6.720743 2.611037
v 0.112652 7.467493 2.611037
v 0.112652 -6.720742 5.222072
v 0.112652 -7.467492 5.222072
v 0.112652 -5.973993 5.222072
v 0.112652 -5.227243 5.222072
v 0.112652 -4.480494 5.222072
v 0.112652 -3.733745 5.222072
v 0.112652 -2.986996 5.222072
v 0.112652 -2.240247 5.222072
v 0.112652 -1.493498 5.222072
v 0.112652 -0.746749 5.222072
v 0.112652 0.000001 5.222072
v 0.112652 0.746750 5.222072
v 0.112652 1.493499 5.222072
v 0.112652 2.240248 5.222072
v 0.112652 2.986997 5.222072
v 0.112652 3.733746 5.222072
v 0.112652 4.480495 5.222072
v 0.112652 5.227244 5.222072
v 0.112652 5.973994 5.222072
v 0.112652 6.720743 5.222072
v 0.112652 7.467493 5.222072
v 0.112652 -6.720742 7.833107
v 0.112652 -7.467492 7.833107
v 0.112652 -5.973993 7.833107
v 0.112652 -5.227243 7.833107
v 0.112652 -4.480494 7.833107
v 0.112652 -3.733745 7.833107
v 0.112652 -2.986996 7.833107
v 0.112652 -2.240247 7.833107
v 0.112652 -1.493498 7.833107
v 0.112652 -0.746749 7.833107
v 0.112652 0.000001 7.833107
v 0.112652 0.746750 7.833107
v 0.112652 1.493499 7.833107
v 0.112652 2.240248 7.833107
v 0.112652 2.986997 7.833107
v 0.112652 3.733746 7.833107
v 0.112652 4.480495 7.833107
v 0.112652 5.227244 7.833107
v 0.112652 5.973994 7.833107
v 0.112652 6.720743 7.833107
v 0.112652 7.467493 7.833107
v 0.112652 -6.720742 10.444141
v 0.112652 -7.467492 10.444141
v 0.112652 -5.973993 10.444141
v 0.112652 -5.227243 10.444141
v 0.112652 -4.480494 10.444141
v 0.112652 -3.733745 10.444141
v 0.112652 -2.986996 10.444141
v 0.112652 -2.240247 10.444141
v 0.112652 -1.493498 10.444141
v 0.112652 -0.746749 10.444141
v 0.112652 0.000001 10.444141
v 0.112652 0.746750 10.444141
v 0.112652 1.493499 10.444141
v 0.112652 2.240248 10.444141
v 0.112652 2.986997 10.444141
v 0.112652 3.733746 10.444141
v 0.112652 4.480495 10.444141
v 0.112652 5.227244 10.444141
v 0.112652 5.973994 10.444141
v 0.112652 6.720743 10.444141
v 0.112652 7.467493 10.444141
v 0.112652 -6.720742 13.055178
v 0.112652 -7.467492 13.055178
v 0.112652 -5.973993 13.055178
v 0.112652 -5.227243 13.055178
v 0.112652 -4.480494 13.055178
v 0.112652 -3.733745 13.055178
v 0.112652 -2.986996 13.055178
v 0.112652 -2.240247 13.055178
v 0.112652 -1.493498 13.055178
v 0.112652 -0.746749 13.055178
v 0.112652 0.000001 13.055178
v 0.112652 0.746750 13.055178
v 0.112652 1.493499 13.055178
v 0.112652 2.240248 13.055178
v 0.112652 2.986997 13.055178
v 0.112652 3.733746 13.055178
v 0.112652 4.480495 13.055178
v 0.112652 5.227244 13.055178
v 0.112652 5.973994 13.055178
v 0.112652 6.720743 13.055178
v 0.112652 7.467493 13.055178
v 0.112652 -6.720742 15.666212
v 0.112652 -7.467492 15.666212
v 0.112652 -5.973993 15.666212
v 0.112652 -5.227243 15.666212
v 0.112652 -4.480494 15.666212
v 0.112652 -3.733745 15.666212
v 0.112652 -2.986996 15.666212
v 0.112652 -2.240247 15.666212
v 0.112652 -1.493498 15.666212
v 0.112652 -0.746749 15.666212
v 0.112652 0.000001 15.666212
v 0.112652 0.746750 15.666212
v 0.112652 1.493499 15.666212
v 0.112652 2.240248 15.666212
v 0.112652 2.986997 15.666212
v 0.112652 3.733746 15.666212
v 0.112652 4.480495 15.666212
v 0.112652 5.227244 15.666212
v 0.112652 5.973994 15.666212
v 0.112652 6.720743 15.666212
v 0.112652 7.467493 15.666212
v 0.112652 -6.720742 18.277248
v 0.112652 -7.467492 18.277248
v 0.112652 -5.973993 18.277248
v 0.112652 -5.227243 18.277248
v 0.112652 -4.480494 18.277248
v 0.112652 -3.733745 18.277248
v 0.112652 -2.986996 18.277248
v 0.112652 -2.240247 18.277248
v 0.112652 -1.493498 18.277248
v 0.112652 -0.746749 18.277248
v 0.112652 0.000001 18.277248
v 0.112652 0.746750 18.277248
v 0.112652 1.493499 18.277248
v 0.112652 2.240248 18.277248
v 0.112652 2.986997 18.277248
v 0.112652 3.733746 18.277248
v 0.112652 4.480495 18.277248
v 0.112652 5.227244 18.277248
v 0.112652 5.973994 18.277248
v 0.112652 6.720743 18.277248
v 0.112652 7.467493 18.277248
v 0.112652 -6.720742 20.888283
v 0.112652 -7.467492 20.888283
v 0.112652 -5.973993 20.888283
v 0.112652 -5.227243 20.888283
v 0.112652 -4.480494 20.888283
v 0.112652 -3.733745 20.888283
v 0.112652 -2.986996 20.888283
v 0.112652 -2.240247 20.888283
v 0.112652 -1.493498 20.888283
v 0.112652 -0.746749 20.888283
v 0.112652 0.000001 20.888283
v 0.112652 0.746750 20.888283
v 0.112652 1.493499 20.888283
v 0.112652 2.240248 20.888283
v 0.112652 2.986997 20.888283
v 0.112652 3.733746 20.888283
v 0.112652 4.480495 20.888283
v 0.112652 5.227244 20.888283
v 0.112652 5.973994 20.888283
v 0.112652 6.720743 20.888283
v 0.112652 7.467493 20.888283
v 0.112652 -6.720742 23.499321
v 0.112652 -7.467492 23.499321
v 0.112652 -5.973993 23.499321
v 0.112652 -5.227243 23.499321
v 0.112652 -4.480494 23.499321
v 0.112652 -3.733745 23.499321
v 0.112652 -2.986996 23.499321
v 0.112652 -2.240247 23.499321
v 0.112652 -1.493498 23.499321
v 0.112652 -0.746749 23.499321
v 0.112652 0.000001 23.499321
v 0.112652 0.746750 23.499321
v 0.112652 1.493499 23.499321
v 0.112652 2.240248 23.499321
v 0.112652 2.986997 23.499321
v 0.112652 3.733746 23.499321
v 0.112652 4.480495 23.499321
v 0.112652 5.227244 23.499321
v 0.112652 5.973994 23.499321
v 0.112652 6.720743 23.499321
v 0.112652 7.467493 23.499321

# UV coordinates
vt 0.375000 0.000000
vt 0.387500 0.000000
vt 0.387500 0.250000
vt 0.375000 0.250000
vt 0.400000 0.000000
vt 0.400000 0.250000
vt 0.412500 0.000000
vt 0.412500 0.250000
vt 0.425000 0.000000
vt 0.425000 0.250000
vt 0.437500 0.000000
vt 0.437500 0.250000
vt 0.450000 0.000000
vt 0.450000 0.250000
vt 0.462500 0.000000
vt 0.462500 0.250000
vt 0.475000 0.000000
vt 0.475000 0.250000
vt 0.487500 0.000000
vt 0.487500 0.250000
vt 0.500000 0.000000
vt 0.500000 0.250000
vt 0.512500 0.000000
vt 0.512500 0.250000
vt 0.525000 0.000000
vt 0.525000 0.250000
vt 0.537500 0.000000
vt 0.537500 0.250000
vt 0.550000 0.000000
vt 0.550000 0.250000
vt 0.562500 0.000000
vt 0.562500 0.250000
vt 0.575000 0.000000
vt 0.575000 0.250000
vt 0.587500 0.000000
vt 0.587500 0.250000
vt 0.600000 0.000000
vt 0.600000 0.250000
vt 0.612500 0.000000
vt 0.612500 0.250000
vt 0.625000 0.000000
vt 0.625000 0.250000
vt 0.387500 0.262500
vt 0.375000 0.262500
vt 0.400000 0.262500
vt 0.412500 0.262500
vt 0.425000 0.262500
vt 0.437500 0.262500
vt 0.450000 0.262500
vt 0.462500 0.262500
vt 0.475000 0.262500
vt 0.487500 0.262500
vt 0.500000 0.262500
vt 0.512500 0.262500
vt 0.525000 0.262500
vt 0.537500 0.262500
vt 0.550000 0.262500
vt 0.562500 0.262500
vt 0.575000 0.262500
vt 0.587500 0.262500
vt 0.600000 0.262500
vt 0.612500 0.262500
vt 0.625000 0.262500
vt 0.387500 0.275000
vt 0.375000 0.275000
vt 0.400000 0.275000
vt 0.412500 0.275000
vt 0.425000 0.275000
vt 0.437500 0.275000
vt 0.450000 0.275000
vt 0.462500 0.275000
vt 0.475000 0.275000
vt 0.487500 0.275000
vt 0.500000 0.275000
vt 0.512500 0.275000
vt 0.525000 0.275000
vt 0.537500 0.275000
vt 0.550000 0.275000
vt 0.562500 0.275000
vt 0.575000 0.275000
vt 0.587500 0.275000
vt 0.600000 0.275000
vt 0.612500 0.275000
vt 0.625000 0.275000
vt 0.387500 0.287500
vt 0.375000 0.287500
vt 0.400000 0.287500
vt 0.412500 0.287500
vt 0.425000 0.287500
vt 0.437500 0.287500
vt 0.450000 0.287500
vt 0.462500 0.287500
vt 0.475000 0.287500
vt 0.487500 0.287500
vt 0.500000 0.287500
vt 0.512500 0.287500
vt 0.525000 0.287500
vt 0.537500 0.287500
vt 0.550000 0.287500
vt 0.562500 0.287500
vt 0.575000 0.287500
vt 0.587500 0.287500
vt 0.600000 0.287500
vt 0.612500 0.287500
vt 0.625000 0.287500
vt 0.387500 0.300000
vt 0.375000 0.300000
vt 0.400000 0.300000
vt 0.412500 0.300000
vt 0.425000 0.300000
vt 0.437500 0.300000
vt 0.450000 0.300000
vt 0.462500 0.300000
vt 0.475000 0.300000
vt 0.487500 0.300000
vt 0.500000 0.300000
vt 0.512500 0.300000
vt 0.525000 0.300000
vt 0.537500 0.300000
vt 0.550000 0.300000
vt 0.562500 0.300000
vt 0.575000 0.300000
vt 0.587500 0.300000
vt 0.600000 0.300000
vt 0.612500 0.300000
vt 0.625000 0.300000
vt 0.387500 0.312500
vt 0.375000 0.312500
vt 0.400000 0.312500
vt 0.412500 0.312500
vt 0.425000 0.312500
vt 0.437500 0.312500
vt 0.450000 0.312500
vt 0.462500 0.312500
vt 0.475000 0.312500
vt 0.487500 0.312500
vt 0.500000 0.312500
vt 0.512500 0.312500
vt 0.525000 0.312500
vt 0.537500 0.312500
vt 0.550000 0.312500
vt 0.562500 0.312500
vt 0.575000 0.312500
vt 0.587500 0.312500
vt 0.600000 0.312500
vt 0.612500 0.312500
vt 0.625000 0.312500
vt 0.387500 0.325000
vt 0.375000 0.325000
vt 0.400000 0.325000
vt 0.412500 0.325000
vt 0.425000 0.325000
vt 0.437500 0.325000
vt 0.450000 0.325000
vt 0.462500 0.325000
vt 0.475000 0.325000
vt 0.487500 0.325000
vt 0.500000 0.325000
vt 0.512500 0.325000
vt 0.525000 0.325000
vt 0.537500 0.325000
vt 0.550000 0.325000
vt 0.562500 0.325000
vt 0.575000 0.325000
vt 0.587500 0.325000
vt 0.600000 0.325000
vt 0.612500 0.325000
vt 0.625000 0.325000
vt 0.387500 0.337500
vt 0.375000 0.337500
vt 0.400000 0.337500
vt 0.412500 0.337500
vt 0.425000 0.337500
vt 0.437500 0.337500
vt 0.450000 0.337500
vt 0.462500 0.337500
vt 0.475000 0.337500
vt 0.487500 0.337500
vt 0.500000 0.337500
vt 0.512500 0.337500
vt 0.525000 0.337500
vt 0.537500 0.337500
vt 0.550000 0.337500
vt 0.562500 0.337500
vt 0.575000 0.337500
vt 0.587500 0.337500
vt 0.600000 0.337500
vt 0.612500 0.337500
vt 0.625000 0.337500
vt 0.387500 0.350000
vt 0.375000 0.350000
vt 0.400000 0.350000
vt 0.412500 0.350000
vt 0.425000 0.350000
vt 0.437500 0.350000
vt 0.450000 0.350000
vt 0.462500 0.350000
vt 0.475000 0.350000
vt 0.487500 0.350000
vt 0.500000 0.350000
vt 0.512500 0.350000
vt 0.525000 0.350000
vt 0.537500 0.350000
vt 0.550000 0.350000
vt 0.562500 0.350000
vt 0.575000 0.350000
vt 0.587500 0.350000
vt 0.600000 0.350000
vt 0.612500 0.350000
vt 0.625000 0.350000
vt 0.387500 0.362500
vt 0.375000 0.362500
vt 0.400000 0.362500
vt 0.412500 0.362500
vt 0.425000 0.362500
vt 0.437500 0.362500
vt 0.450000 0.362500
vt 0.462500 0.362500
vt 0.475000 0.362500
vt 0.487500 0.362500
vt 0.500000 0.362500
vt 0.512500 0.362500
vt 0.525000 0.362500
vt 0.537500 0.362500
vt 0.550000 0.362500
vt 0.562500 0.362500
vt 0.575000 0.362500
vt 0.587500 0.362500
vt 0.600000 0.362500
vt 0.612500 0.362500
vt 0.625000 0.362500
vt 0.387500 0.375000
vt 0.375000 0.375000
vt 0.400000 0.375000
vt 0.412500 0.375000
vt 0.425000 0.375000
vt 0.437500 0.375000
vt 0.450000 0.375000
vt 0.462500 0.375000
vt 0.475000 0.375000
vt 0.487500 0.375000
vt 0.500000 0.375000
vt 0.512500 0.375000
vt 0.525000 0.375000
vt 0.537500 0.375000
vt 0.550000 0.375000
vt 0.562500 0.375000
vt 0.575000 0.375000
vt 0.587500 0.375000
vt 0.600000 0.375000
vt 0.612500 0.375000
vt 0.625000 0.375000
vt 0.387500 0.387500
vt 0.375000 0.387500
vt 0.400000 0.387500
vt 0.412500 0.387500
vt 0.425000 0.387500
vt 0.437500 0.387500
vt 0.450000 0.387500
vt 0.462500 0.387500
vt 0.475000 0.387500
vt 0.487500 0.387500
vt 0.500000 0.387500
vt 0.512500 0.387500
vt 0.525000 0.387500
vt 0.537500 0.387500
vt 0.550000 0.387500
vt 0.562500 0.387500
vt 0.575000 0.387500
vt 0.587500 0.387500
vt 0.600000 0.387500
vt 0.612500 0.387500
vt 0.625000 0.387500
vt 0.387500 0.400000
vt 0.375000 0.400000
vt 0.400000 0.400000
vt 0.412500 0.400000
vt 0.425000 0.400000
vt 0.437500 0.400000
vt 0.450000 0.400000
vt 0.462500 0.400000
vt 0.475000 0.400000
vt 0.487500 0.400000
vt 0.500000 0.400000
vt 0.512500 0.400000
vt 0.525000 0.400000
vt 0.537500 0.400000
vt 0.550000 0.400000
vt 0.562500 0.400000
vt 0.575000 0.400000
vt 0.587500 0.400000
vt 0.600000 0.400000
vt 0.612500 0.400000
vt 0.625000 0.400000
vt 0.387500 0.412500
vt 0.375000 0.412500
vt 0.400000 0.412500
vt 0.412500 0.412500
vt 0.425000 0.412500
vt 0.437500 0.412500
vt 0.450000 0.412500
vt 0.462500 0.412500
vt 0.475000 0.412500
vt 0.487500 0.412500
vt 0.500000 0.412500
vt 0.512500 0.412500
vt 0.525000 0.412500
vt 0.537500 0.412500
vt 0.550000 0.412500
vt 0.562500 0.412500
vt 0.575000 0.412500
vt 0.587500 0.412500
vt 0.600000 0.412500
vt 0.612500 0.412500
vt 0.625000 0.412500
vt 0.387500 0.425000
vt 0.375000 0.425000
vt 0.400000 0.425000
vt 0.412500 0.425000
vt 0.425000 0.425000
vt 0.437500 0.425000
vt 0.450000 0.425000
vt 0.462500 0.425000
vt 0.475000 0.425000
vt 0.487500 0.425000
vt 0.500000 0.425000
vt 0.512500 0.425000
vt 0.525000 0.425000
vt 0.537500 0.425000
vt 0.550000 0.425000
vt 0.562500 0.425000
vt 0.575000 0.425000
vt 0.587500 0.425000
vt 0.600000 0.425000
vt 0.612500 0.425000
vt 0.625000 0.425000
vt 0.387500 0.437500
vt 0.375000 0.437500
vt 0.400000 0.437500
vt 0.412500 0.437500
vt 0.425000 0.437500
vt 0.437500 0.437500
vt 0.450000 0.437500
vt 0.462500 0.437500
vt 0.475000 0.437500
vt 0.487500 0.437500
vt 0.500000 0.437500
vt 0.512500 0.437500
vt 0.525000 0.437500
vt 0.537500 0.437500
vt 0.550000 0.437500
vt 0.562500 0.437500
vt 0.575000 0.437500
vt 0.587500 0.437500
vt 0.600000 0.437500
vt 0.612500 0.437500
vt 0.625000 0.437500
vt 0.387500 0.450000
vt 0.375000 0.450000
vt 0.400000 0.450000
vt 0.412500 0.450000
vt 0.425000 0.450000
vt 0.437500 0.450000
vt 0.450000 0.450000
vt 0.462500 0.450000
vt 0.475000 0.450000
vt 0.487500 0.450000
vt 0.500000 0.450000
vt 0.512500 0.450000
vt 0.525000 0.450000
vt 0.537500 0.450000
vt 0.550000 0.450000
vt 0.562500 0.450000
vt 0.575000 0.450000
vt 0.587500 0.450000
vt 0.600000 0.450000
vt 0.612500 0.450000
vt 0.625000 0.450000
vt 0.387500 0.462500
vt 0.375000 0.462500
vt 0.400000 0.462500
vt 0.412500 0.462500
vt 0.425000 0.462500
vt 0.437500 0.462500
vt 0.450000 0.462500
vt 0.462500 0.462500
vt 0.475000 0.462500
vt 0.487500 0.462500
vt 0.500000 0.462500
vt 0.512500 0.462500
vt 0.525000 0.462500
vt 0.537500 0.462500
vt 0.550000 0.462500
vt 0.562500 0.462500
vt 0.575000 0.462500
vt 0.587500 0.462500
vt 0.600000 0.462500
vt 0.612500 0.462500
vt 0.625000 0.462500
vt 0.387500 0.475000
vt 0.375000 0.475000
vt 0.400000 0.475000
vt 0.412500 0.475000
vt 0.425000 0.475000
vt 0.437500 0.475000
vt 0.450000 0.475000
vt 0.462500 0.475000
vt 0.475000 0.475000
vt 0.487500 0.475000
vt 0.500000 0.475000
vt 0.512500 0.475000
vt 0.525000 0.475000
vt 0.537500 0.475000
vt 0.550000 0.475000
vt 0.562500 0.475000
vt 0.575000 0.475000
vt 0.587500 0.475000
vt 0.600000 0.475000
vt 0.612500 0.475000
vt 0.625000 0.475000
vt 0.387500 0.487500
vt 0.375000 0.487500
vt 0.400000 0.487500
vt 0.412500 0.487500
vt 0.425000 0.487500
vt 0.437500 0.487500
vt 0.450000 0.487500
vt 0.462500 0.487500
vt 0.475000 0.487500
vt 0.487500 0.487500
vt 0.500000 0.487500
vt 0.512500 0.487500
vt 0.525000 0.487500
vt 0.537500 0.487500
vt 0.550000 0.487500
vt 0.562500 0.487500
vt 0.575000 0.487500
vt 0.587500 0.487500
vt 0.600000 0.487500
vt 0.612500 0.487500
vt 0.625000 0.487500
vt 0.387500 0.500000
vt 0.375000 0.500000
vt 0.400000 0.500000
vt 0.412500 0.500000
vt 0.425000 0.500000
vt 0.437500 0.500000
vt 0.450000 0.500000
vt 0.462500 0.500000
vt 0.475000 0.500000
vt 0.487500 0.500000
vt 0.500000 0.500000
vt 0.512500 0.500000
vt 0.525000 0.500000
vt 0.537500 0.500000
vt 0.550000 0.500000
vt 0.562500 0.500000
vt 0.575000 0.500000
vt 0.587500 0.500000
vt 0.600000 0.500000
vt 0.612500 0.500000
vt 0.625000 0.500000
vt 0.387500 0.750000
vt 0.375000 0.750000
vt 0.400000 0.750000
vt 0.412500 0.750000
vt 0.425000 0.750000
vt 0.437500 0.750000
vt 0.450000 0.750000
vt 0.462500 0.750000
vt 0.475000 0.750000
vt 0.487500 0.750000
vt 0.500000 0.750000
vt 0.512500 0.750000
vt 0.525000 0.750000
vt 0.537500 0.750000
vt 0.550000 0.750000
vt 0.562500 0.750000
vt 0.575000 0.750000
vt 0.587500 0.750000
vt 0.600000 0.750000
vt 0.612500 0.750000
vt 0.625000 0.750000
vt 0.387500 0.762500
vt 0.375000 0.762500
vt 0.400000 0.762500
vt 0.412500 0.762500
vt 0.425000 0.762500
vt 0.437500 0.762500
vt 0.450000 0.762500
vt 0.462500 0.762500
vt 0.475000 0.762500
vt 0.487500 0.762500
vt 0.500000 0.762500
vt 0.512500 0.762500
vt 0.525000 0.762500
vt 0.537500 0.762500
vt 0.550000 0.762500
vt 0.562500 0.762500
vt 0.575000 0.762500
vt 0.587500 0.762500
vt 0.600000 0.762500
vt 0.612500 0.762500
vt 0.625000 0.762500
vt 0.387500 0.775000
vt 0.375000 0.775000
vt 0.400000 0.775000
vt 0.412500 0.775000
vt 0.425000 0.775000
vt 0.437500 0.775000
vt 0.450000 0.775000
vt 0.462500 0.775000
vt 0.475000 0.775000
vt 0.487500 0.775000
vt 0.500000 0.775000
vt 0.512500 0.775000
vt 0.525000 0.775000
vt 0.537500 0.775000
vt 0.550000 0.775000
vt 0.562500 0.775000
vt 0.575000 0.775000
vt 0.587500 0.775000
vt 0.600000 0.775000
vt 0.612500 0.775000
vt 0.625000 0.775000
vt 0.387500 0.787500
vt 0.375000 0.787500
vt 0.400000 0.787500
vt 0.412500 0.787500
vt 0.425000 0.787500
vt 0.437500 0.787500
vt 0.450000 0.787500
vt 0.462500 0.787500
vt 0.475000 0.787500
vt 0.487500 0.787500
vt 0.500000 0.787500
vt 0.512500 0.787500
vt 0.525000 0.787500
vt 0.537500 0.787500
vt 0.550000 0.787500
vt 0.562500 0.787500
vt 0.575000 0.787500
vt 0.587500 0.787500
vt 0.600000 0.787500
vt 0.612500 0.787500
vt 0.625000 0.787500
vt 0.387500 0.800000
vt 0.375000 0.800000
vt 0.400000 0.800000
vt 0.412500 0.800000
vt 0.425000 0.800000
vt 0.437500 0.800000
vt 0.450000 0.800000
vt 0.462500 0.800000
vt 0.475000 0.800000
vt 0.487500 0.800000
vt 0.500000 0.800000
vt 0.512500 0.800000
vt 0.525000 0.800000
vt 0.537500 0.800000
vt 0.550000 0.800000
vt 0.562500 0.800000
vt 0.575000 0.800000
vt 0.587500 0.800000
vt 0.600000 0.800000
vt 0.612500 0.800000
vt 0.625000 0.800000
vt 0.387500 0.812500
vt 0.375000 0.812500
vt 0.400000 0.812500
vt 0.412500 0.812500
vt 0.425000 0.812500
vt 0.437500 0.812500
vt 0.450000 0.812500
vt 0.462500 0.812500
vt 0.475000 0.812500
vt 0.487500 0.812500
vt 0.500000 0.812500
vt 0.512500 0.812500
vt 0.525000 0.812500
vt 0.537500 0.812500
vt 0.550000 0.812500
vt 0.562500 0.812500
vt 0.575000 0.812500
vt 0.587500 0.812500
vt 0.600000 0.812500
vt 0.612500 0.812500
vt 0.625000 0.812500
vt 0.387500 0.825000
vt 0.375000 0.825000
vt 0.400000 0.825000
vt 0.412500 0.825000
vt 0.425000 0.825000
vt 0.437500 0.825000
vt 0.450000 0.825000
vt 0.462500 0.825000
vt 0.475000 0.825000
vt 0.487500 0.825000
vt 0.500000 0.825000
vt 0.512500 0.825000
vt 0.525000 0.825000
vt 0.537500 0.825000
vt 0.550000 0.825000
vt 0.562500 0.825000
vt 0.575000 0.825000
vt 0.587500 0.825000
vt 0.600000 0.825000
vt 0.612500 0.825000
vt 0.625000 0.825000
vt 0.387500 0.837500
vt 0.375000 0.837500
vt 0.400000 0.837500
vt 0.412500 0.837500
vt 0.425000 0.837500
vt 0.437500 0.837500
vt 0.450000 0.837500
vt 0.462500 0.837500
vt 0.475000 0.837500
vt 0.487500 0.837500
vt 0.500000 0.837500
vt 0.512500 0.837500
vt 0.525000 0.837500
vt 0.537500 0.837500
vt 0.550000 0.837500
vt 0.562500 0.837500
vt 0.575000 0.837500
vt 0.587500 0.837500
vt 0.600000 0.837500
vt 0.612500 0.837500
vt 0.625000 0.837500
vt 0.387500 0.850000
vt 0.375000 0.850000
vt 0.400000 0.850000
vt 0.412500 0.850000
vt 0.425000 0.850000
vt 0.437500 0.850000
vt 0.450000 0.850000
vt 0.462500 0.850000
vt 0.475000 0.850000
vt 0.487500 0.850000
vt 0.500000 0.850000
vt 0.512500 0.850000
vt 0.525000 0.850000
vt 0.537500 0.850000
vt 0.550000 0.850000
vt 0.562500 0.850000
vt 0.575000 0.850000
vt 0.587500 0.850000
vt 0.600000 0.850000
vt 0.612500 0.850000
vt 0.625000 0.850000
vt 0.387500 0.862500
vt 0.375000 0.862500
vt 0.400000 0.862500
vt 0.412500 0.862500
vt 0.425000 0.862500
vt 0.437500 0.862500
vt 0.450000 0.862500
vt 0.462500 0.862500
vt 0.475000 0.862500
vt 0.487500 0.862500
vt 0.500000 0.862500
vt 0.512500 0.862500
vt 0.525000 0.862500
vt 0.537500 0.862500
vt 0.550000 0.862500
vt 0.562500 0.862500
vt 0.575000 0.862500
vt 0.587500 0.862500
vt 0.600000 0.862500
vt 0.612500 0.862500
vt 0.625000 0.862500
vt 0.387500 0.875000
vt 0.375000 0.875000
vt 0.400000 0.875000
vt 0.412500 0.875000
vt 0.425000 0.875000
vt 0.437500 0.875000
vt 0.450000 0.875000
vt 0.462500 0.875000
vt 0.475000 0.875000
vt 0.487500 0.875000
vt 0.500000 0.875000
vt 0.512500 0.875000
vt 0.525000 0.875000
vt 0.537500 0.875000
vt 0.550000 0.875000
vt 0.562500 0.875000
vt 0.575000 0.875000
vt 0.587500 0.875000
vt 0.600000 0.875000
vt 0.612500 0.875000
vt 0.625000 0.875000
vt 0.387500 0.887500
vt 0.375000 0.887500
vt 0.400000 0.887500
vt 0.412500 0.887500
vt 0.425000 0.887500
vt 0.437500 0.887500
vt 0.450000 0.887500
vt 0.462500 0.887500
vt 0.475000 0.887500
vt 0.487500 0.887500
vt 0.500000 0.887500
vt 0.512500 0.887500
vt 0.525000 0.887500
vt 0.537500 0.887500
vt 0.550000 0.887500
vt 0.562500 0.887500
vt 0.575000 0.887500
vt 0.587500 0.887500
vt 0.600000 0.887500
vt 0.612500 0.887500
vt 0.625000 0.887500
vt 0.387500 0.900000
vt 0.375000 0.900000
vt 0.400000 0.900000
vt 0.412500 0.900000
vt 0.425000 0.900000
vt 0.437500 0.900000
vt 0.450000 0.900000
vt 0.462500 0.900000
vt 0.475000 0.900000
vt 0.487500 0.900000
vt 0.500000 0.900000
vt 0.512500 0.900000
vt 0.525000 0.900000
vt 0.537500 0.900000
vt 0.550000 0.900000
vt 0.562500 0.900000
vt 0.575000 0.900000
vt 0.587500 0.900000
vt 0.600000 0.900000
vt 0.612500 0.900000
vt 0.625000 0.900000
vt 0.387500 0.912500
vt 0.375000 0.912500
vt 0.400000 0.912500
vt 0.412500 0.912500
vt 0.425000 0.912500
vt 0.437500 0.912500
vt 0.450000 0.912500
vt 0.462500 0.912500
vt 0.475000 0.912500
vt 0.487500 0.912500
vt 0.500000 0.912500
vt 0.512500 0.912500
vt 0.525000 0.912500
vt 0.537500 0.912500
vt 0.550000 0.912500
vt 0.562500 0.912500
vt 0.575000 0.912500
vt 0.587500 0.912500
vt 0.600000 0.912500
vt 0.612500 0.912500
vt 0.625000 0.912500
vt 0.387500 0.925000
vt 0.375000 0.925000
vt 0.400000 0.925000
vt 0.412500 0.925000
vt 0.425000 0.925000
vt 0.437500 0.925000
vt 0.450000 0.925000
vt 0.462500 0.925000
vt 0.475000 0.925000
vt 0.487500 0.925000
vt 0.500000 0.925000
vt 0.512500 0.925000
vt 0.525000 0.925000
vt 0.537500 0.925000
vt 0.550000 0.925000
vt 0.562500 0.925000
vt 0.575000 0.925000
vt 0.587500 0.925000
vt 0.600000 0.925000
vt 0.612500 0.925000
vt 0.625000 0.925000
vt 0.387500 0.937500
vt 0.375000 0.937500
vt 0.400000 0.937500
vt 0.412500 0.937500
vt 0.425000 0.937500
vt 0.437500 0.937500
vt 0.450000 0.937500
vt 0.462500 0.937500
vt 0.475000 0.937500
vt 0.487500 0.937500
vt 0.500000 0.937500
vt 0.512500 0.937500
vt 0.525000 0.937500
vt 0.537500 0.937500
vt 0.550000 0.937500
vt 0.562500 0.937500
vt 0.575000 0.937500
vt 0.587500 0.937500
vt 0.600000 0.937500
vt 0.612500 0.937500
vt 0.625000 0.937500
vt 0.387500 0.950000
vt 0.375000 0.950000
vt 0.400000 0.950000
vt 0.412500 0.950000
vt 0.425000 0.950000
vt 0.437500 0.950000
vt 0.450000 0.950000
vt 0.462500 0.950000
vt 0.475000 0.950000
vt 0.487500 0.950000
vt 0.500000 0.950000
vt 0.512500 0.950000
vt 0.525000 0.950000
vt 0.537500 0.950000
vt 0.550000 0.950000
vt 0.562500 0.950000
vt 0.575000 0.950000
vt 0.587500 0.950000
vt 0.600000 0.950000
vt 0.612500 0.950000
vt 0.625000 0.950000
vt 0.387500 0.962500
vt 0.375000 0.962500
vt 0.400000 0.962500
vt 0.412500 0.962500
vt 0.425000 0.962500
vt 0.437500 0.962500
vt 0.450000 0.962500
vt 0.462500 0.962500
vt 0.475000 0.962500
vt 0.487500 0.962500
vt 0.500000 0.962500
vt 0.512500 0.962500
vt 0.525000 0.962500
vt 0.537500 0.962500
vt 0.550000 0.962500
vt 0.562500 0.962500
vt 0.575000 0.962500
vt 0.587500 0.962500
vt 0.600000 0.962500
vt 0.612500 0.962500
vt 0.625000 0.962500
vt 0.387500 0.975000
vt 0.375000 0.975000
vt 0.400000 0.975000
vt 0.412500 0.975000
vt 0.425000 0.975000
vt 0.437500 0.975000
vt 0.450000 0.975000
vt 0.462500 0.975000
vt 0.475000 0.975000
vt 0.487500 0.975000
vt 0.500000 0.975000
vt 0.512500 0.975000
vt 0.525000 0.975000
vt 0.537500 0.975000
vt 0.550000 0.975000
vt 0.562500 0.975000
vt 0.575000 0.975000
vt 0.587500 0.975000
vt 0.600000 0.975000
vt 0.612500 0.975000
vt 0.625000 0.975000
vt 0.387500 0.987500
vt 0.375000 0.987500
vt 0.400000 0.987500
vt 0.412500 0.987500
vt 0.425000 0.987500
vt 0.437500 0.987500
vt 0.450000 0.987500
vt 0.462500 0.987500
vt 0.475000 0.987500
vt 0.487500 0.987500
vt 0.500000 0.987500
vt 0.512500 0.987500
vt 0.525000 0.987500
vt 0.537500 0.987500
vt 0.550000 0.987500
vt 0.562500 0.987500
vt 0.575000 0.987500
vt 0.587500 0.987500
vt 0.600000 0.987500
vt 0.612500 0.987500
vt 0.625000 0.987500
vt 0.387500 1.000000
vt 0.375000 1.000000
vt 0.400000 1.000000
vt 0.412500 1.000000
vt 0.425000 1.000000
vt 0.437500 1.000000
vt 0.450000 1.000000
vt 0.462500 1.000000
vt 0.475000 1.000000
vt 0.487500 1.000000
vt 0.500000 1.000000
vt 0.512500 1.000000
vt 0.525000 1.000000
vt 0.537500 1.000000
vt 0.550000 1.000000
vt 0.562500 1.000000
vt 0.575000 1.000000
vt 0.587500 1.000000
vt 0.600000 1.000000
vt 0.612500 1.000000
vt 0.625000 1.000000
vt 0.862500 0.000000
vt 0.875000 0.000000
vt 0.875000 0.250000
vt 0.862500 0.250000
vt 0.850000 0.000000
vt 0.850000 0.250000
vt 0.837500 0.000000
vt 0.837500 0.250000
vt 0.825000 0.000000
vt 0.825000 0.250000
vt 0.812500 0.000000
vt 0.812500 0.250000
vt 0.800000 0.000000
vt 0.800000 0.250000
vt 0.787500 0.000000
vt 0.787500 0.250000
vt 0.775000 0.000000
vt 0.775000 0.250000
vt 0.762500 0.000000
vt 0.762500 0.250000
vt 0.750000 0.000000
vt 0.750000 0.250000
vt 0.737500 0.000000
vt 0.737500 0.250000
vt 0.725000 0.000000
vt 0.725000 0.250000
vt 0.712500 0.000000
vt 0.712500 0.250000
vt 0.700000 0.000000
vt 0.700000 0.250000
vt 0.687500 0.000000
vt 0.687500 0.250000
vt 0.675000 0.000000
vt 0.675000 0.250000
vt 0.662500 0.000000
vt 0.662500 0.250000
vt 0.650000 0.000000
vt 0.650000 0.250000
vt 0.637500 0.000000
vt 0.637500 0.250000
vt 0.125000 0.000000
vt 0.137500 0.000000
vt 0.137500 0.250000
vt 0.125000 0.250000
vt 0.150000 0.000000
vt 0.150000 0.250000
vt 0.162500 0.000000
vt 0.162500 0.250000
vt 0.175000 0.000000
vt 0.175000 0.250000
vt 0.187500 0.000000
vt 0.187500 0.250000
vt 0.200000 0.000000
vt 0.200000 0.250000
vt 0.212500 0.000000
vt 0.212500 0.250000
vt 0.225000 0.000000
vt 0.225000 0.250000
vt 0.237500 0.000000
vt 0.237500 0.250000
vt 0.250000 0.000000
vt 0.250000 0.250000
vt 0.262500 0.000000
vt 0.262500 0.250000
vt 0.275000 0.000000
vt 0.275000 0.250000
vt 0.287500 0.000000
vt 0.287500 0.250000
vt 0.300000 0.000000
vt 0.300000 0.250000
vt 0.312500 0.000000
vt 0.312500 0.250000
vt 0.325000 0.000000
vt 0.325000 0.250000
vt 0.337500 0.000000
vt 0.337500 0.250000
vt 0.350000 0.000000
vt 0.350000 0.250000
vt 0.362500 0.000000
vt 0.362500 0.250000

# vertex normals
vn 0.000000 0.000000 1.000000
vn -1.000000 0.000000 0.000000
vn 0.000000 0.000000 -1.000000
vn 1.000000 -0.000000 0.000000
vn 0.000000 1.000000 0.000000
vn 0.000000 1.000000 0.000000
vn 0.000000 1.000000 0.000000
vn 0.000000 1.000000 0.000000
vn 0.000000 1.000000 0.000000
vn 0.000000 1.000000 0.000000
vn 0.000000 1.000000 0.000000
vn 0.000000 1.000000 0.000000
vn 0.000000 1.000000 0.000000
vn 0.000000 1.000000 0.000000
vn 0.000000 1.000000 0.000000
vn 0.000000 1.000000 0.000000
vn 0.000000 1.000000 0.000000
vn -0.000000 -1.000000 0.000000

# Mesh
g pCube55
usemtl Default_Material
f 4/4/1 1/1/1 2/2/1
f 2/2/1 3/3/1 4/4/1
f 3/3/1 2/2/1 5/5/1
f 5/5/1 6/6/1 3/3/1
f 6/6/1 5/5/1 7/7/1
f 7/7/1 8/8/1 6/6/1
f 8/8/1 7/7/1 9/9/1
f 9/9/1 10/10/1 8/8/1
f 10/10/1 9/9/1 11/11/1
f 11/11/1 12/12/1 10/10/1
f 12/12/1 11/11/1 13/13/1
f 13/13/1 14/14/1 12/12/1
f 14/14/1 13/13/1 15/15/1
f 15/15/1 16/16/1 14/14/1
f 16/16/1 15/15/1 17/17/1
f 17/17/1 18/18/1 16/16/1
f 18/18/1 17/17/1 19/19/1
f 19/19/1 20/20/1 18/18/1
f 20/20/1 19/19/1 21/21/1
f 21/21/1 22/22/1 20/20/1
f 22/22/1 21/21/1 23/23/1
f 23/23/1 24/24/1 22/22/1
f 24/24/1 23/23/1 25/25/1
f 25/25/1 26/26/1 24/24/1
f 26/26/1 25/25/1 27/27/1
f 27/27/1 28/28/1 26/26/1
f 28/28/1 27/27/1 29/29/1
f 29/29/1 30/30/1 28/28/1
f 30/30/1 29/29/1 31/31/1
f 31/31/1 32/32/1 30/30/1
f 32/32/1 31/31/1 33/33/1
f 33/33/1 34/34/1 32/32/1
f 34/34/1 33/33/1 35/35/1
f 35/35/1 36/36/1 34/34/1
f 36/36/1 35/35/1 37/37/1
f 37/37/1 38/38/1 36/36/1
f 38/38/1 37/37/1 39/39/1
f 39/39/1 40/40/1 38/38/1
f 40/40/1 39/39/1 41/41/1
f 41/41/1 42/42/1 40/40/1
f 44/44/2 4/4/2 3/3/2
f 3/3/2 43/43/2 44/44/2
f 43/43/2 3/3/2 6/6/2
f 6/6/2 45/45/2 43/43/2
f 45/45/2 6/6/2 8/8/2
f 8/8/2 46/46/2 45/45/2
f 46/46/2 8/8/2 10/10/2
f 10/10/2 47/47/2 46/46/2
f 47/47/2 10/10/2 12/12/2
f 12/12/2 48/48/2 47/47/2
f 48/48/2 12/12/2 14/14/2
f 14/14/2 49/49/2 48/48/2
f 49/49/2 14/14/2 16/16/2
f 16/16/2 50/50/2 49/49/2
f 50/50/2 16/16/2 18/18/2
f 18/18/2 51/51/2 50/50/2
f 51/51/2 18/18/2 20/20/2
f 20/20/2 52/52/2 51/51/2
f 52/52/2 20/20/2 22/22/2
f 22/22/2 53/53/2 52/52/2
f 53/53/2 22/22/2 24/24/2
f 24/24/2 54/54/2 53/53/2
f 54/54/2 24/24/2 26/26/2
f 26/26/2 55/55/2 54/54/2
f 55/55/2 26/26/2 28/28/2
f 28/28/2 56/56/2 55/55/2
f 56/56/2 28/28/2 30/30/2
f 30/30/2 57/57/2 56/56/2
f 57/57/2 30/30/2 32/32/2
f 32/32/2 58/58/2 57/57/2
f 58/58/2 32/32/2 34/34/2
f 34/34/2 59/59/2 58/58/2
f 59/59/2 34/34/2 36/36/2
f 36/36/2 60/60/2 59/59/2
f 60/60/2 36/36/2 38/38/2
f 38/38/2 61/61/2 60/60/2
f 61/61/2 38/38/2 40/40/2
f 40/40/2 62/62/2 61/61/2
f 62/62/2 40/40/2 42/42/2
f 42/42/2 63/63/2 62/62/2
f 65/65/2 44/44/2 43/43/2
f 43/43/2 64/64/2 65/65/2
f 64/64/2 43/43/2 45/45/2
f 45/45/2 66/66/2 64/64/2
f 66/66/2 45/45/2 46/46/2
f 46/46/2 67/67/2 66/66/2
f 67/67/2 46/46/2 47/47/2
f 47/47/2 68/68/2 67/67/2
f 68/68/2 47/47/2 48/48/2
f 48/48/2 69/69/2 68/68/2
f 69/69/2 48/48/2 49/49/2
f 49/49/2 70/70/2 69/69/2
f 70/70/2 49/49/2 50/50/2
f 50/50/2 71/71/2 70/70/2
f 71/71/2 50/50/2 51/51/2
f 51/51/2 72/72/2 71/71/2
f 72/72/2 51/51/2 52/52/2
f 52/52/2 73/73/2 72/72/2
f 73/73/2 52/52/2 53/53/2
f 53/53/2 74/74/2 73/73/2
f 74/74/2 53/53/2 54/54/2
f 54/54/2 75/75/2 74/74/2
f 75/75/2 54/54/2 55/55/2
f 55/55/2 76/76/2 75/75/2
f 76/76/2 55/55/2 56/56/2
f 56/56/2 77/77/2 76/76/2
f 77/77/2 56/56/2 57/57/2
f 57/57/2 78/78/2 77/77/2
f 78/78/2 57/57/2 58/58/2
f 58/58/2 79/79/2 78/78/2
f 79/79/2 58/58/2 59/59/2
f 59/59/2 80/80/2 79/79/2
f 80/80/2 59/59/2 60/60/2
f 60/60/2 81/81/2 80/80/2
f 81/81/2 60/60/2 61/61/2
f 61/61/2 82/82/2 81/81/2
f 82/82/2 61/61/2 62/62/2
f 62/62/2 83/83/2 82/82/2
f 83/83/2 62/62/2 63/63/2
f 63/63/2 84/84/2 83/83/2
f 86/86/2 65/65/2 64/64/2
f 64/64/2 85/85/2 86/86/2
f 85/85/2 64/64/2 66/66/2
f 66/66/2 87/87/2 85/85/2
f 87/87/2 66/66/2 67/67/2
f 67/67/2 88/88/2 87/87/2
f 88/88/2 67/67/2 68/68/2
f 68/68/2 89/89/2 88/88/2
f 89/89/2 68/68/2 69/69/2
f 69/69/2 90/90/2 89/89/2
f 90/90/2 69/69/2 70/70/2
f 70/70/2 91/91/2 90/90/2
f 91/91/2 70/70/2 71/71/2
f 71/71/2 92/92/2 91/91/2
f 92/92/2 71/71/2 72/72/2
f 72/72/2 93/93/2 92/92/2
f 93/93/2 72/72/2 73/73/2
f 73/73/2 94/94/2 93/93/2
f 94/94/2 73/73/2 74/74/2
f 74/74/2 95/95/2 94/94/2
f 95/95/2 74/74/2 75/75/2
f 75/75/2 96/96/2 95/95/2
f 96/96/2 75/75/2 76/76/2
f 76/76/2 97/97/2 96/96/2
f 97/97/2 76/76/2 77/77/2
f 77/77/2 98/98/2 97/97/2
f 98/98/2 77/77/2 78/78/2
f 78/78/2 99/99/2 98/98/2
f 99/99/2 78/78/2 79/79/2
f 79/79/2 100/100/2 99/99/2
f 100/100/2 79/79/2 80/80/2
f 80/80/2 101/101/2 100/100/2
f 101/101/2 80/80/2 81/81/2
f 81/81/2 102/102/2 101/101/2
f 102/102/2 81/81/2 82/82/2
f 82/82/2 103/103/2 102/102/2
f 103/103/2 82/82/2 83/83/2
f 83/83/2 104/104/2 103/103/2
f 104/104/2 83/83/2 84/84/2
f 84/84/2 105/105/2 104/104/2
f 107/107/2 86/86/2 85/85/2
f 85/85/2 106/106/2 107/107/2
f 106/106/2 85/85/2 87/87/2
f 87/87/2 108/108/2 106/106/2
f 108/108/2 87/87/2 88/88/2
f 88/88/2 109/109/2 108/108/2
f 109/109/2 88/88/2 89/89/2
f 89/89/2 110/110/2 109/109/2
f 110/110/2 89/89/2 90/90/2
f 90/90/2 111/111/2 110/110/2
f 111/111/2 90/90/2 91/91/2
f 91/91/2 112/112/2 111/111/2
f 112/112/2 91/91/2 92/92/2
f 92/92/2 113/113/2 112/112/2
f 113/113/2 92/92/2 93/93/2
f 93/93/2 114/114/2 113/113/2
f 114/114/2 93/93/2 94/94/2
f 94/94/2 115/115/2 114/114/2
f 115/115/2 94/94/2 95/95/2
f 95/95/2 116/116/2 115/115/2
f 116/116/2 95/95/2 96/96/2
f 96/96/2 117/117/2 116/116/2
f 117/117/2 96/96/2 97/97/2
f 97/97/2 118/118/2 117/117/2
f 118/118/2 97/97/2 98/98/2
f 98/98/2 119/119/2 118/118/2
f 119/119/2 98/98/2 99/99/2
f 99/99/2 120/120/2 119/119/2
f 120/120/2 99/99/2 100/100/2
f 100/100/2 121/121/2 120/120/2
f 121/121/2 100/100/2 101/101/2
f 101/101/2 122/122/2 121/121/2
f 122/122/2 101/101/2 102/102/2
f 102/102/2 123/123/2 122/122/2
f 123/123/2 102/102/2 103/103/2
f 103/103/2 124/124/2 123/123/2
f 124/124/2 103/103/2 104/104/2
f 104/104/2 125/125/2 124/124/2
f 125/125/2 104/104/2 105/105/2
f 105/105/2 126/126/2 125/125/2
f 128/128/2 107/107/2 106/106/2
f 106/106/2 127/127/2 128/128/2
f 127/127/2 106/106/2 108/108/2
f 108/108/2 129/129/2 127/127/2
f 129/129/2 108/108/2 109/109/2
f 109/109/2 130/130/2 129/129/2
f 130/130/2 109/109/2 110/110/2
f 110/110/2 131/131/2 130/130/2
f 131/131/2 110/110/2 111/111/2
f 111/111/2 132/132/2 131/131/2
f 132/132/2 111/111/2 112/112/2
f 112/112/2 133/133/2 132/132/2
f 133/133/2 112/112/2 113/113/2
f 113/113/2 134/134/2 133/133/2
f 134/134/2 113/113/2 114/114/2
f 114/114/2 135/135/2 134/134/2
f 135/135/2 114/114/2 115/115/2
f 115/115/2 136/136/2 135/135/2
f 136/136/2 115/115/2 116/116/2
f 116/116/2 137/137/2 136/136/2
f 137/137/2 116/116/2 117/117/2
f 117/117/2 138/138/2 137/137/2
f 138/138/2 117/117/2 118/118/2
f 118/118/2 139/139/2 138/138/2
f 139/139/2 118/118/2 119/119/2
f 119/119/2 140/140/2 139/139/2
f 140/140/2 119/119/2 120/120/2
f 120/120/2 141/141/2 140/140/2
f 141/141/2 120/120/2 121/121/2
f 121/121/2 142/142/2 141/141/2
f 142/142/2 121/121/2 122/122/2
f 122/122/2 143/143/2 142/142/2
f 143/143/2 122/122/2 123/123/2
f 123/123/2 144/144/2 143/143/2
f 144/144/2 123/123/2 124/124/2
f 124/124/2 145/145/2 144/144/2
f 145/145/2 124/124/2 125/125/2
f 125/125/2 146/146/2 145/145/2
f 146/146/2 125/125/2 126/126/2
f 126/126/2 147/147/2 146/146/2
f 149/149/2 128/128/2 127/127/2
f 127/127/2 148/148/2 149/149/2
f 148/148/2 127/127/2 129/129/2
f 129/129/2 150/150/2 148/148/2
f 150/150/2 129/129/2 130/130/2
f 130/130/2 151/151/2 150/150/2
f 151/151/2 130/130/2 131/131/2
f 131/131/2 152/152/2 151/151/2
f 152/152/2 131/131/2 132/132/2
f 132/132/2 153/153/2 152/152/2
f 153/153/2 132/132/2 133/133/2
f 133/133/2 154/154/2 153/153/2
f 154/154/2 133/133/2 134/134/2
f 134/134/2 155/155/2 154/154/2
f 155/155/2 134/134/2 135/135/2
f 135/135/2 156/156/2 155/155/2
f 156/156/2 135/135/2 136/136/2
f 136/136/2 157/157/2 156/156/2
f 157/157/2 136/136/2 137/137/2
f 137/137/2 158/158/2 157/157/2
f 158/158/2 137/137/2 138/138/2
f 138/138/2 159/159/2 158/158/2
f 159/159/2 138/138/2 139/139/2
f 139/139/2 160/160/2 159/159/2
f 160/160/2 139/139/2 140/140/2
f 140/140/2 161/161/2 160/160/2
f 161/161/2 140/140/2 141/141/2
f 141/141/2 162/162/2 161/161/2
f 162/162/2 141/141/2 142/142/2
f 142/142/2 163/163/2 162/162/2
f 163/163/2 142/142/2 143/143/2
f 143/143/2 164/164/2 163/163/2
f 164/164/2 143/143/2 144/144/2
f 144/144/2 165/165/2 164/164/2
f 165/165/2 144/144/2 145/145/2
f 145/145/2 166/166/2 165/165/2
f 166/166/2 145/145/2 146/146/2
f 146/146/2 167/167/2 166/166/2
f 167/167/2 146/146/2 147/147/2
f 147/147/2 168/168/2 167/167/2
f 170/170/2 149/149/2 148/148/2
f 148/148/2 169/169/2 170/170/2
f 169/169/2 148/148/2 150/150/2
f 150/150/2 171/171/2 169/169/2
f 171/171/2 150/150/2 151/151/2
f 151/151/2 172/172/2 171/171/2
f 172/172/2 151/151/2 152/152/2
f 152/152/2 173/173/2 172/172/2
f 173/173/2 152/152/2 153/153/2
f 153/153/2 174/174/2 173/173/2
f 174/174/2 153/153/2 154/154/2
f 154/154/2 175/175/2 174/174/2
f 175/175/2 154/154/2 155/155/2
f 155/155/2 176/176/2 175/175/2
f 176/176/2 155/155/2 156/156/2
f 156/156/2 177/177/2 176/176/2
f 177/177/2 156/156/2 157/157/2
f 157/157/2 178/178/2 177/177/2
f 178/178/2 157/157/2 158/158/2
f 158/158/2 179/179/2 178/178/2
f 179/179/2 158/158/2 159/159/2
f 159/159/2 180/180/2 179/179/2
f 180/180/2 159/159/2 160/160/2
f 160/160/2 181/181/2 180/180/2
f 181/181/2 160/160/2 161/161/2
f 161/161/2 182/182/2 181/181/2
f 182/182/2 161/161/2 162/162/2
f 162/162/2 183/183/2 182/182/2
f 183/183/2 162/162/2 163/163/2
f 163/163/2 184/184/2 183/183/2
f 184/184/2 163/163/2 164/164/2
f 164/164/2 185/185/2 184/184/2
f 185/185/2 164/164/2 165/165/2
f 165/165/2 186/186/2 185/185/2
f 186/186/2 165/165/2 166/166/2
f 166/166/2 187/187/2 186/186/2
f 187/187/2 166/166/2 167/167/2
f 167/167/2 188/188/2 187/187/2
f 188/188/2 167/167/2 168/168/2
f 168/168/2 189/189/2 188/188/2
f 191/191/2 170/170/2 169/169/2
f 169/169/2 190/190/2 191/191/2
f 190/190/2 169/169/2 171/171/2
f 171/171/2 192/192/2 190/190/2
f 192/192/2 171/171/2 172/172/2
f 172/172/2 193/193/2 192/192/2
f 193/193/2 172/172/2 173/173/2
f 173/173/2 194/194/2 193/193/2
f 194/194/2 173/173/2 174/174/2
f 174/174/2 195/195/2 194/194/2
f 195/195/2 174/174/2 175/175/2
f 175/175/2 196/196/2 195/195/2
f 196/196/2 175/175/2 176/176/2
f 176/176/2 197/197/2 196/196/2
f 197/197/2 176/176/2 177/177/2
f 177/177/2 198/198/2 197/197/2
f 198/198/2 177/177/2 178/178/2
f 178/178/2 199/199/2 198/198/2
f 199/199/2 178/178/2 179/179/2
f 179/179/2 200/200/2 199/199/2
f 200/200/2 179/179/2 180/180/2
f 180/180/2 201/201/2 200/200/2
f 201/201/2 180/180/2 181/181/2
f 181/181/2 202/202/2 201/201/2
f 202/202/2 181/181/2 182/182/2
f 182/182/2 203/203/2 202/202/2
f 203/203/2 182/182/2 183/183/2
f 183/183/2 204/204/2 203/203/2
f 204/204/2 183/183/2 184/184/2
f 184/184/2 205/205/2 204/204/2
f 205/205/2 184/184/2 185/185/2
f 185/185/2 206/206/2 205/205/2
f 206/206/2 185/185/2 186/186/2
f 186/186/2 207/207/2 206/206/2
f 207/207/2 186/186/2 187/187/2
f 187/187/2 208/208/2 207/207/2
f 208/208/2 187/187/2 188/188/2
f 188/188/2 209/209/2 208/208/2
f 209/209/2 188/188/2 189/189/2
f 189/189/2 210/210/2 209/209/2
f 212/212/2 191/191/2 190/190/2
f 190/190/2 211/211/2 212/212/2
f 211/211/2 190/190/2 192/192/2
f 192/192/2 213/213/2 211/211/2
f 213/213/2 192/192/2 193/193/2
f 193/193/2 214/214/2 213/213/2
f 214/214/2 193/193/2 194/194/2
f 194/194/2 215/215/2 214/214/2
f 215/215/2 194/194/2 195/195/2
f 195/195/2 216/216/2 215/215/2
f 216/216/2 195/195/2 196/196/2
f 196/196/2 217/217/2 216/216/2
f 217/217/2 196/196/2 197/197/2
f 197/197/2 218/218/2 217/217/2
f 218/218/2 197/197/2 198/198/2
f 198/198/2 219/219/2 218/218/2
f 219/219/2 198/198/2 199/199/2
f 199/199/2 220/220/2 219/219/2
f 220/220/2 199/199/2 200/200/2
f 200/200/2 221/221/2 220/220/2
f 221/221/2 200/200/2 201/201/2
f 201/201/2 222/222/2 221/221/2
f 222/222/2 201/201/2 202/202/2
f 202/202/2 223/223/2 222/222/2
f 223/223/2 202/202/2 203/203/2
f 203/203/2 224/224/2 223/223/2
f 224/224/2 203/203/2 204/204/2
f 204/204/2 225/225/2 224/224/2
f 225/225/2 204/204/2 205/205/2
f 205/205/2 226/226/2 225/225/2
f 226/226/2 205/205/2 206/206/2
f 206/206/2 227/227/2 226/226/2
f 227/227/2 206/206/2 207/207/2
f 207/207/2 228/228/2 227/227/2
f 228/228/2 207/207/2 208/208/2
f 208/208/2 229/229/2 228/228/2
f 229/229/2 208/208/2 209/209/2
f 209/209/2 230/230/2 229/229/2
f 230/230/2 209/209/2 210/210/2
f 210/210/2 231/231/2 230/230/2
f 233/233/2 212/212/2 211/211/2
f 211/211/2 232/232/2 233/233/2
f 232/232/2 211/211/2 213/213/2
f 213/213/2 234/234/2 232/232/2
f 234/234/2 213/213/2 214/214/2
f 214/214/2 235/235/2 234/234/2
f 235/235/2 214/214/2 215/215/2
f 215/215/2 236/236/2 235/235/2
f 236/236/2 215/215/2 216/216/2
f 216/216/2 237/237/2 236/236/2
f 237/237/2 216/216/2 217/217/2
f 217/217/2 238/238/2 237/237/2
f 238/238/2 217/217/2 218/218/2
f 218/218/2 239/239/2 238/238/2
f 239/239/2 218/218/2 219/219/2
f 219/219/2 240/240/2 239/239/2
f 240/240/2 219/219/2 220/220/2
f 220/220/2 241/241/2 240/240/2
f 241/241/2 220/220/2 221/221/2
f 221/221/2 242/242/2 241/241/2
f 242/242/2 221/221/2 222/222/2
f 222/222/2 243/243/2 242/242/2
f 243/243/2 222/222/2 223/223/2
f 223/223/2 244/244/2 243/243/2
f 244/244/2 223/223/2 224/224/2
f 224/224/2 245/245/2 244/244/2
f 245/245/2 224/224/2 225/225/2
f 225/225/2 246/246/2 245/245/2
f 246/246/2 225/225/2 226/226/2
f 226/226/2 247/247/2 246/246/2
f 247/247/2 226/226/2 227/227/2
f 227/227/2 248/248/2 247/247/2
f 248/248/2 227/227/2 228/228/2
f 228/228/2 249/249/2 248/248/2
f 249/249/2 228/228/2 229/229/2
f 229/229/2 250/250/2 249/249/2
f 250/250/2 229/229/2 230/230/2
f 230/230/2 251/251/2 250/250/2
f 251/251/2 230/230/2 231/231/2
f 231/231/2 252/252/2 251/251/2
f 254/254/2 233/233/2 232/232/2
f 232/232/2 253/253/2 254/254/2
f 253/253/2 232/232/2 234/234/2
f 234/234/2 255/255/2 253/253/2
f 255/255/2 234/234/2 235/235/2
f 235/235/2 256/256/2 255/255/2
f 256/256/2 235/235/2 236/236/2
f 236/236/2 257/257/2 256/256/2
f 257/257/2 236/236/2 237/237/2
f 237/237/2 258/258/2 257/257/2
f 258/258/2 237/237/2 238/238/2
f 238/238/2 259/259/2 258/258/2
f 259/259/2 238/238/2 239/239/2
f 239/239/2 260/260/2 259/259/2
f 260/260/2 239/239/2 240/240/2
f 240/240/2 261/261/2 260/260/2
f 261/261/2 240/240/2 241/241/2
f 241/241/2 262/262/2 261/261/2
f 262/262/2 241/241/2 242/242/2
f 242/242/2 263/263/2 262/262/2
f 263/263/2 242/242/2 243/243/2
f 243/243/2 264/264/2 263/263/2
f 264/264/2 243/243/2 244/244/2
f 244/244/2 265/265/2 264/264/2
f 265/265/2 244/244/2 245/245/2
f 245/245/2 266/266/2 265/265/2
f 266/266/2 245/245/2 246/246/2
f 246/246/2 267/267/2 266/266/2
f 267/267/2 246/246/2 247/247/2
f 247/247/2 268/268/2 267/267/2
f 268/268/2 247/247/2 248/248/2
f 248/248/2 269/269/2 268/268/2
f 269/269/2 248/248/2 249/249/2
f 249/249/2 270/270/2 269/269/2
f 270/270/2 249/249/2 250/250/2
f 250/250/2 271/271/2 270/270/2
f 271/271/2 250/250/2 251/251/2
f 251/251/2 272/272/2 271/271/2
f 272/272/2 251/251/2 252/252/2
f 252/252/2 273/273/2 272/272/2
f 275/275/2 254/254/2 253/253/2
f 253/253/2 274/274/2 275/275/2
f 274/274/2 253/253/2 255/255/2
f 255/255/2 276/276/2 274/274/2
f 276/276/2 255/255/2 256/256/2
f 256/256/2 277/277/2 276/276/2
f 277/277/2 256/256/2 257/257/2
f 257/257/2 278/278/2 277/277/2
f 278/278/2 257/257/2 258/258/2
f 258/258/2 279/279/2 278/278/2
f 279/279/2 258/258/2 259/259/2
f 259/259/2 280/280/2 279/279/2
f 280/280/2 259/259/2 260/260/2
f 260/260/2 281/281/2 280/280/2
f 281/281/2 260/260/2 261/261/2
f 261/261/2 282/282/2 281/281/2
f 282/282/2 261/261/2 262/262/2
f 262/262/2 283/283/2 282/282/2
f 283/283/2 262/262/2 263/263/2
f 263/263/2 284/284/2 283/283/2
f 284/284/2 263/263/2 264/264/2
f 264/264/2 285/285/2 284/284/2
f 285/285/2 264/264/2 265/265/2
f 265/265/2 286/286/2 285/285/2
f 286/286/2 265/265/2 266/266/2
f 266/266/2 287/287/2 286/286/2
f 287/287/2 266/266/2 267/267/2
f 267/267/2 288/288/2 287/287/2
f 288/288/2 267/267/2 268/268/2
f 268/268/2 289/289/2 288/288/2
f 289/289/2 268/268/2 269/269/2
f 269/269/2 290/290/2 289/289/2
f 290/290/2 269/269/2 270/270/2
f 270/270/2 291/291/2 290/290/2
f 291/291/2 270/270/2 271/271/2
f 271/271/2 292/292/2 291/291/2
f 292/292/2 271/271/2 272/272/2
f 272/272/2 293/293/2 292/292/2
f 293/293/2 272/272/2 273/273/2
f 273/273/2 294/294/2 293/293/2
f 296/296/2 275/275/2 274/274/2
f 274/274/2 295/295/2 296/296/2
f 295/295/2 274/274/2 276/276/2
f 276/276/2 297/297/2 295/295/2
f 297/297/2 276/276/2 277/277/2
f 277/277/2 298/298/2 297/297/2
f 298/298/2 277/277/2 278/278/2
f 278/278/2 299/299/2 298/298/2
f 299/299/2 278/278/2 279/279/2
f 279/279/2 300/300/2 299/299/2
f 300/300/2 279/279/2 280/280/2
f 280/280/2 301/301/2 300/300/2
f 301/301/2 280/280/2 281/281/2
f 281/281/2 302/302/2 301/301/2
f 302/302/2 281/281/2 282/282/2
f 282/282/2 303/303/2 302/302/2
f 303/303/2 282/282/2 283/283/2
f 283/283/2 304/304/2 303/303/2
f 304/304/2 283/283/2 284/284/2
f 284/284/2 305/305/2 304/304/2
f 305/305/2 284/284/2 285/285/2
f 285/285/2 306/306/2 305/305/2
f 306/306/2 285/285/2 286/286/2
f 286/286/2 307/307/2 306/306/2
f 307/307/2 286/286/2 287/287/2
f 287/287/2 308/308/2 307/307/2
f 308/308/2 287/287/2 288/288/2
f 288/288/2 309/309/2 308/308/2
f 309/309/2 288/288/2 289/289/2
f 289/289/2 310/310/2 309/309/2
f 310/310/2 289/289/2 290/290/2
f 290/290/2 311/311/2 310/310/2
f 311/311/2 290/290/2 291/291/2
f 291/291/2 312/312/2 311/311/2
f 312/312/2 291/291/2 292/292/2
f 292/292/2 313/313/2 312/312/2
f 313/313/2 292/292/2 293/293/2
f 293/293/2 314/314/2 313/313/2
f 314/314/2 293/293/2 294/294/2
f 294/294/2 315/315/2 314/314/2
f 317/317/2 296/296/2 295/295/2
f 295/295/2 316/316/2 317/317/2
f 316/316/2 295/295/2 297/297/2
f 297/297/2 318/318/2 316/316/2
f 318/318/2 297/297/2 298/298/2
f 298/298/2 319/319/2 318/318/2
f 319/319/2 298/298/2 299/299/2
f 299/299/2 320/320/2 319/319/2
f 320/320/2 299/299/2 300/300/2
f 300/300/2 321/321/2 320/320/2
f 321/321/2 300/300/2 301/301/2
f 301/301/2 322/322/2 321/321/2
f 322/322/2 301/301/2 302/302/2
f 302/302/2 323/323/2 322/322/2
f 323/323/2 302/302/2 303/303/2
f 303/303/2 324/324/2 323/323/2
f 324/324/2 303/303/2 304/304/2
f 304/304/2 325/325/2 324/324/2
f 325/325/2 304/304/2 305/305/2
f 305/305/2 326/326/2 325/325/2
f 326/326/2 305/305/2 306/306/2
f 306/306/2 327/327/2 326/326/2
f 327/327/2 306/306/2 307/307/2
f 307/307/2 328/328/2 327/327/2
f 328/328/2 307/307/2 308/308/2
f 308/308/2 329/329/2 328/328/2
f 329/329/2 308/308/2 309/309/2
f 309/309/2 330/330/2 329/329/2
f 330/330/2 309/309/2 310/310/2
f 310/310/2 331/331/2 330/330/2
f 331/331/2 310/310/2 311/311/2
f 311/311/2 332/332/2 331/331/2
f 332/332/2 311/311/2 312/312/2
f 312/312/2 333/333/2 332/332/2
f 333/333/2 312/312/2 313/313/2
f 313/313/2 334/334/2 333/333/2
f 334/334/2 313/313/2 314/314/2
f 314/314/2 335/335/2 334/334/2
f 335/335/2 314/314/2 315/315/2
f 315/315/2 336/336/2 335/335/2
f 338/338/2 317/317/2 316/316/2
f 316/316/2 337/337/2 338/338/2
f 337/337/2 316/316/2 318/318/2
f 318/318/2 339/339/2 337/337/2
f 339/339/2 318/318/2 319/319/2
f 319/319/2 340/340/2 339/339/2
f 340/340/2 319/319/2 320/320/2
f 320/320/2 341/341/2 340/340/2
f 341/341/2 320/320/2 321/321/2
f 321/321/2 342/342/2 341/341/2
f 342/342/2 321/321/2 322/322/2
f 322/322/2 343/343/2 342/342/2
f 343/343/2 322/322/2 323/323/2
f 323/323/2 344/344/2 343/343/2
f 344/344/2 323/323/2 324/324/2
f 324/324/2 345/345/2 344/344/2
f 345/345/2 324/324/2 325/325/2
f 325/325/2 346/346/2 345/345/2
f 346/346/2 325/325/2 326/326/2
f 326/326/2 347/347/2 346/346/2
f 347/347/2 326/326/2 327/327/2
f 327/327/2 348/348/2 347/347/2
f 348/348/2 327/327/2 328/328/2
f 328/328/2 349/349/2 348/348/2
f 349/349/2 328/328/2 329/329/2
f 329/329/2 350/350/2 349/349/2
f 350/350/2 329/329/2 330/330/2
f 330/330/2 351/351/2 350/350/2
f 351/351/2 330/330/2 331/331/2
f 331/331/2 352/352/2 351/351/2
f 352/352/2 331/331/2 332/332/2
f 332/332/2 353/353/2 352/352/2
f 353/353/2 332/332/2 333/333/2
f 333/333/2 354/354/2 353/353/2
f 354/354/2 333/333/2 334/334/2
f 334/334/2 355/355/2 354/354/2
f 355/355/2 334/334/2 335/335/2
f 335/335/2 356/356/2 355/355/2
f 356/356/2 335/335/2 336/336/2
f 336/336/2 357/357/2 356/356/2
f 359/359/2 338/338/2 337/337/2
f 337/337/2 358/358/2 359/359/2
f 358/358/2 337/337/2 339/339/2
f 339/339/2 360/360/2 358/358/2
f 360/360/2 339/339/2 340/340/2
f 340/340/2 361/361/2 360/360/2
f 361/361/2 340/340/2 341/341/2
f 341/341/2 362/362/2 361/361/2
f 362/362/2 341/341/2 342/342/2
f 342/342/2 363/363/2 362/362/2
f 363/363/2 342/342/2 343/343/2
f 343/343/2 364/364/2 363/363/2
f 364/364/2 343/343/2 344/344/2
f 344/344/2 365/365/2 364/364/2
f 365/365/2 344/344/2 345/345/2
f 345/345/2 366/366/2 365/365/2
f 366/366/2 345/345/2 346/346/2
f 346/346/2 367/367/2 366/366/2
f 367/367/2 346/346/2 347/347/2
f 347/347/2 368/368/2 367/367/2
f 368/368/2 347/347/2 348/348/2
f 348/348/2 369/369/2 368/368/2
f 369/369/2 348/348/2 349/349/2
f 349/349/2 370/370/2 369/369/2
f 370/370/2 349/349/2 350/350/2
f 350/350/2 371/371/2 370/370/2
f 371/371/2 350/350/2 351/351/2
f 351/351/2 372/372/2 371/371/2
f 372/372/2 351/351/2 352/352/2
f 352/352/2 373/373/2 372/372/2
f 373/373/2 352/352/2 353/353/2
f 353/353/2 374/374/2 373/373/2
f 374/374/2 353/353/2 354/354/2
f 354/354/2 375/375/2 374/374/2
f 375/375/2 354/354/2 355/355/2
f 355/355/2 376/376/2 375/375/2
f 376/376/2 355/355/2 356/356/2
f 356/356/2 377/377/2 376/376/2
f 377/377/2 356/356/2 357/357/2
f 357/357/2 378/378/2 377/377/2
f 380/380/2 359/359/2 358/358/2
f 358/358/2 379/379/2 380/380/2
f 379/379/2 358/358/2 360/360/2
f 360/360/2 381/381/2 379/379/2
f 381/381/2 360/360/2 361/361/2
f 361/361/2 382/382/2 381/381/2
f 382/382/2 361/361/2 362/362/2
f 362/362/2 383/383/2 382/382/2
f 383/383/2 362/362/2 363/363/2
f 363/363/2 384/384/2 383/383/2
f 384/384/2 363/363/2 364/364/2
f 364/364/2 385/385/2 384/384/2
f 385/385/2 364/364/2 365/365/2
f 365/365/2 386/386/2 385/385/2
f 386/386/2 365/365/2 366/366/2
f 366/366/2 387/387/2 386/386/2
f 387/387/2 366/366/2 367/367/2
f 367/367/2 388/388/2 387/387/2
f 388/388/2 367/367/2 368/368/2
f 368/368/2 389/389/2 388/388/2
f 389/389/2 368/368/2 369/369/2
f 369/369/2 390/390/2 389/389/2
f 390/390/2 369/369/2 370/370/2
f 370/370/2 391/391/2 390/390/2
f 391/391/2 370/370/2 371/371/2
f 371/371/2 392/392/2 391/391/2
f 392/392/2 371/371/2 372/372/2
f 372/372/2 393/393/2 392/392/2
f 393/393/2 372/372/2 373/373/2
f 373/373/2 394/394/2 393/393/2
f 394/394/2 373/373/2 374/374/2
f 374/374/2 395/395/2 394/394/2
f 395/395/2 374/374/2 375/375/2
f 375/375/2 396/396/2 395/395/2
f 396/396/2 375/375/2 376/376/2
f 376/376/2 397/397/2 396/396/2
f 397/397/2 376/376/2 377/377/2
f 377/377/2 398/398/2 397/397/2
f 398/398/2 377/377/2 378/378/2
f 378/378/2 399/399/2 398/398/2
f 401/401/2 380/380/2 379/379/2
f 379/379/2 400/400/2 401/401/2
f 400/400/2 379/379/2 381/381/2
f 381/381/2 402/402/2 400/400/2
f 402/402/2 381/381/2 382/382/2
f 382/382/2 403/403/2 402/402/2
f 403/403/2 382/382/2 383/383/2
f 383/383/2 404/404/2 403/403/2
f 404/404/2 383/383/2 384/384/2
f 384/384/2 405/405/2 404/404/2
f 405/405/2 384/384/2 385/385/2
f 385/385/2 406/406/2 405/405/2
f 406/406/2 385/385/2 386/386/2
f 386/386/2 407/407/2 406/406/2
f 407/407/2 386/386/2 387/387/2
f 387/387/2 408/408/2 407/407/2
f 408/408/2 387/387/2 388/388/2
f 388/388/2 409/409/2 408/408/2
f 409/409/2 388/388/2 389/389/2
f 389/389/2 410/410/2 409/409/2
f 410/410/2 389/389/2 390/390/2
f 390/390/2 411/411/2 410/410/2
f 411/411/2 390/390/2 391/391/2
f 391/391/2 412/412/2 411/411/2
f 412/412/2 391/391/2 392/392/2
f 392/392/2 413/413/2 412/412/2
f 413/413/2 392/392/2 393/393/2
f 393/393/2 414/414/2 413/413/2
f 414/414/2 393/393/2 394/394/2
f 394/394/2 415/415/2 414/414/2
f 415/415/2 394/394/2 395/395/2
f 395/395/2 416/416/2 415/415/2
f 416/416/2 395/395/2 396/396/2
f 396/396/2 417/417/2 416/416/2
f 417/417/2 396/396/2 397/397/2
f 397/397/2 418/418/2 417/417/2
f 418/418/2 397/397/2 398/398/2
f 398/398/2 419/419/2 418/418/2
f 419/419/2 398/398/2 399/399/2
f 399/399/2 420/420/2 419/419/2
f 422/422/2 401/401/2 400/400/2
f 400/400/2 421/421/2 422/422/2
f 421/421/2 400/400/2 402/402/2
f 402/402/2 423/423/2 421/421/2
f 423/423/2 402/402/2 403/403/2
f 403/403/2 424/424/2 423/423/2
f 424/424/2 403/403/2 404/404/2
f 404/404/2 425/425/2 424/424/2
f 425/425/2 404/404/2 405/405/2
f 405/405/2 426/426/2 425/425/2
f 426/426/2 405/405/2 406/406/2
f 406/406/2 427/427/2 426/426/2
f 427/427/2 406/406/2 407/407/2
f 407/407/2 428/428/2 427/427/2
f 428/428/2 407/407/2 408/408/2
f 408/408/2 429/429/2 428/428/2
f 429/429/2 408/408/2 409/409/2
f 409/409/2 430/430/2 429/429/2
f 430/430/2 409/409/2 410/410/2
f 410/410/2 431/431/2 430/430/2
f 431/431/2 410/410/2 411/411/2
f 411/411/2 432/432/2 431/431/2
f 432/432/2 411/411/2 412/412/2
f 412/412/2 433/433/2 432/432/2
f 433/433/2 412/412/2 413/413/2
f 413/413/2 434/434/2 433/433/2
f 434/434/2 413/413/2 414/414/2
f 414/414/2 435/435/2 434/434/2
f 435/435/2 414/414/2 415/415/2
f 415/415/2 436/436/2 435/435/2
f 436/436/2 415/415/2 416/416/2
f 416/416/2 437/437/2 436/436/2
f 437/437/2 416/416/2 417/417/2
f 417/417/2 438/438/2 437/437/2
f 438/438/2 417/417/2 418/418/2
f 418/418/2 439/439/2 438/438/2
f 439/439/2 418/418/2 419/419/2
f 419/419/2 440/440/2 439/439/2
f 440/440/2 419/419/2 420/420/2
f 420/420/2 441/441/2 440/440/2
f 443/443/2 422/422/2 421/421/2
f 421/421/2 442/442/2 443/443/2
f 442/442/2 421/421/2 423/423/2
f 423/423/2 444/444/2 442/442/2
f 444/444/2 423/423/2 424/424/2
f 424/424/2 445/445/2 444/444/2
f 445/445/2 424/424/2 425/425/2
f 425/425/2 446/446/2 445/445/2
f 446/446/2 425/425/2 426/426/2
f 426/426/2 447/447/2 446/446/2
f 447/447/2 426/426/2 427/427/2
f 427/427/2 448/448/2 447/447/2
f 448/448/2 427/427/2 428/428/2
f 428/428/2 449/449/2 448/448/2
f 449/449/2 428/428/2 429/429/2
f 429/429/2 450/450/2 449/449/2
f 450/450/2 429/429/2 430/430/2
f 430/430/2 451/451/2 450/450/2
f 451/451/2 430/430/2 431/431/2
f 431/431/2 452/452/2 451/451/2
f 452/452/2 431/431/2 432/432/2
f 432/432/2 453/453/2 452/452/2
f 453/453/2 432/432/2 433/433/2
f 433/433/2 454/454/2 453/453/2
f 454/454/2 433/433/2 434/434/2
f 434/434/2 455/455/2 454/454/2
f 455/455/2 434/434/2 435/435/2
f 435/435/2 456/456/2 455/455/2
f 456/456/2 435/435/2 436/436/2
f 436/436/2 457/457/2 456/456/2
f 457/457/2 436/436/2 437/437/2
f 437/437/2 458/458/2 457/457/2
f 458/458/2 437/437/2 438/438/2
f 438/438/2 459/459/2 458/458/2
f 459/459/2 438/438/2 439/439/2
f 439/439/2 460/460/2 459/459/2
f 460/460/2 439/439/2 440/440/2
f 440/440/2 461/461/2 460/460/2
f 461/461/2 440/440/2 441/441/2
f 441/441/2 462/462/2 461/461/2
f 464/464/3 443/443/3 442/442/3
f 442/442/3 463/463/3 464/464/3
f 463/463/3 442/442/3 444/444/3
f 444/444/3 465/465/3 463/463/3
f 465/465/3 444/444/3 445/445/3
f 445/445/3 466/466/3 465/465/3
f 466/466/3 445/445/3 446/446/3
f 446/446/3 467/467/3 466/466/3
f 467/467/3 446/446/3 447/447/3
f 447/447/3 468/468/3 467/467/3
f 468/468/3 447/447/3 448/448/3
f 448/448/3 469/469/3 468/468/3
f 469/469/3 448/448/3 449/449/3
f 449/449/3 470/470/3 469/469/3
f 470/470/3 449/449/3 450/450/3
f 450/450/3 471/471/3 470/470/3
f 471/471/3 450/450/3 451/451/3
f 451/451/3 472/472/3 471/471/3
f 472/472/3 451/451/3 452/452/3
f 452/452/3 473/473/3 472/472/3
f 473/473/3 452/452/3 453/453/3
f 453/453/3 474/474/3 473/473/3
f 474/474/3 453/453/3 454/454/3
f 454/454/3 475/475/3 474/474/3
f 475/475/3 454/454/3 455/455/3
f 455/455/3 476/476/3 475/475/3
f 476/476/3 455/455/3 456/456/3
f 456/456/3 477/477/3 476/476/3
f 477/477/3 456/456/3 457/457/3
f 457/457/3 478/478/3 477/477/3
f 478/478/3 457/457/3 458/458/3
f 458/458/3 479/479/3 478/478/3
f 479/479/3 458/458/3 459/459/3
f 459/459/3 480/480/3 479/479/3
f 480/480/3 459/459/3 460/460/3
f 460/460/3 481/481/3 480/480/3
f 481/481/3 460/460/3 461/461/3
f 461/461/3 482/482/3 481/481/3
f 482/482/3 461/461/3 462/462/3
f 462/462/3 483/483/3 482/482/3
f 485/485/4 464/464/4 463/463/4
f 463/463/4 484/484/4 485/485/4
f 484/484/4 463/463/4 465/465/4
f 465/465/4 486/486/4 484/484/4
f 486/486/4 465/465/4 466/466/4
f 466/466/4 487/487/4 486/486/4
f 487/487/4 466/466/4 467/467/4
f 467/467/4 488/488/4 487/487/4
f 488/488/4 467/467/4 468/468/4
f 468/468/4 489/489/4 488/488/4
f 489/489/4 468/468/4 469/469/4
f 469/469/4 490/490/4 489/489/4
f 490/490/4 469/469/4 470/470/4
f 470/470/4 491/491/4 490/490/4
f 491/491/4 470/470/4 471/471/4
f 471/471/4 492/492/4 491/491/4
f 492/492/4 471/471/4 472/472/4
f 472/472/4 493/493/4 492/492/4
f 493/493/4 472/472/4 473/473/4
f 473/473/4 494/494/4 493/493/4
f 494/494/4 473/473/4 474/474/4
f 474/474/4 495/495/4 494/494/4
f 495/495/4 474/474/4 475/475/4
f 475/475/4 496/496/4 495/495/4
f 496/496/4 475/475/4 476/476/4
f 476/476/4 497/497/4 496/496/4
f 497/497/4 476/476/4 477/477/4
f 477/477/4 498/498/4 497/497/4
f 498/498/4 477/477/4 478/478/4
f 478/478/4 499/499/4 498/498/4
f 499/499/4 478/478/4 479/479/4
f 479/479/4 500/500/4 499/499/4
f 500/500/4 479/479/4 480/480/4
f 480/480/4 501/501/4 500/500/4
f 501/501/4 480/480/4 481/481/4
f 481/481/4 502/502/4 501/501/4
f 502/502/4 481/481/4 482/482/4
f 482/482/4 503/503/4 502/502/4
f 503/503/4 482/482/4 483/483/4
f 483/483/4 504/504/4 503/503/4
f 506/506/4 485/485/4 484/484/4
f 484/484/4 505/505/4 506/506/4
f 505/505/4 484/484/4 486/486/4
f 486/486/4 507/507/4 505/505/4
f 507/507/4 486/486/4 487/487/4
f 487/487/4 508/508/4 507/507/4
f 508/508/4 487/487/4 488/488/4
f 488/488/4 509/509/4 508/508/4
f 509/509/4 488/488/4 489/489/4
f 489/489/4 510/510/4 509/509/4
f 510/510/4 489/489/4 490/490/4
f 490/490/4 511/511/4 510/510/4
f 511/511/4 490/490/4 491/491/4
f 491/491/4 512/512/4 511/511/4
f 512/512/4 491/491/4 492/492/4
f 492/492/4 513/513/4 512/512/4
f 513/513/4 492/492/4 493/493/4
f 493/493/4 514/514/4 513/513/4
f 514/514/4 493/493/4 494/494/4
f 494/494/4 515/515/4 514/514/4
f 515/515/4 494/494/4 495/495/4
f 495/495/4 516/516/4 515/515/4
f 516/516/4 495/495/4 496/496/4
f 496/496/4 517/517/4 516/516/4
f 517/517/4 496/496/4 497/497/4
f 497/497/4 518/518/4 517/517/4
f 518/518/4 497/497/4 498/498/4
f 498/498/4 519/519/4 518/518/4
f 519/519/4 498/498/4 499/499/4
f 499/499/4 520/520/4 519/519/4
f 520/520/4 499/499/4 500/500/4
f 500/500/4 521/521/4 520/520/4
f 521/521/4 500/500/4 501/501/4
f 501/501/4 522/522/4 521/521/4
f 522/522/4 501/501/4 502/502/4
f 502/502/4 523/523/4 522/522/4
f 523/523/4 502/502/4 503/503/4
f 503/503/4 524/524/4 523/523/4
f 524/524/4 503/503/4 504/504/4
f 504/504/4 525/525/4 524/524/4
f 527/527/4 506/506/4 505/505/4
f 505/505/4 526/526/4 527/527/4
f 526/526/4 505/505/4 507/507/4
f 507/507/4 528/528/4 526/526/4
f 528/528/4 507/507/4 508/508/4
f 508/508/4 529/529/4 528/528/4
f 529/529/4 508/508/4 509/509/4
f 509/509/4 530/530/4 529/529/4
f 530/530/4 509/509/4 510/510/4
f 510/510/4 531/531/4 530/530/4
f 531/531/4 510/510/4 511/511/4
f 511/511/4 532/532/4 531/531/4
f 532/532/4 511/511/4 512/512/4
f 512/512/4 533/533/4 532/532/4
f 533/533/4 512/512/4 513/513/4
f 513/513/4 534/534/4 533/533/4
f 534/534/4 513/513/4 514/514/4
f 514/514/4 535/535/4 534/534/4
f 535/535/4 514/514/4 515/515/4
f 515/515/4 536/536/4 535/535/4
f 536/536/4 515/515/4 516/516/4
f 516/516/4 537/537/4 536/536/4
f 537/537/4 516/516/4 517/517/4
f 517/517/4 538/538/4 537/537/4
f 538/538/4 517/517/4 518/518/4
f 518/518/4 539/539/4 538/538/4
f 539/539/4 518/518/4 519/519/4
f 519/519/4 540/540/4 539/539/4
f 540/540/4 519/519/4 520/520/4
f 520/520/4 541/541/4 540/540/4
f 541/541/4 520/520/4 521/521/4
f 521/521/4 542/542/4 541/541/4
f 542/542/4 521/521/4 522/522/4
f 522/522/4 543/543/4 542/542/4
f 543/543/4 522/522/4 523/523/4
f 523/523/4 544/544/4 543/543/4
f 544/544/4 523/523/4 524/524/4
f 524/524/4 545/545/4 544/544/4
f 545/545/4 524/524/4 525/525/4
f 525/525/4 546/546/4 545/545/4
f 548/548/4 527/527/4 526/526/4
f 526/526/4 547/547/4 548/548/4
f 547/547/4 526/526/4 528/528/4
f 528/528/4 549/549/4 547/547/4
f 549/549/4 528/528/4 529/529/4
f 529/529/4 550/550/4 549/549/4
f 550/550/4 529/529/4 530/530/4
f 530/530/4 551/551/4 550/550/4
f 551/551/4 530/530/4 531/531/4
f 531/531/4 552/552/4 551/551/4
f 552/552/4 531/531/4 532/532/4
f 532/532/4 553/553/4 552/552/4
f 553/553/4 532/532/4 533/533/4
f 533/533/4 554/554/4 553/553/4
f 554/554/4 533/533/4 534/534/4
f 534/534/4 555/555/4 554/554/4
f 555/555/4 534/534/4 535/535/4
f 535/535/4 556/556/4 555/555/4
f 556/556/4 535/535/4 536/536/4
f 536/536/4 557/557/4 556/556/4
f 557/557/4 536/536/4 537/537/4
f 537/537/4 558/558/4 557/557/4
f 558/558/4 537/537/4 538/538/4
f 538/538/4 559/559/4 558/558/4
f 559/559/4 538/538/4 539/539/4
f 539/539/4 560/560/4 559/559/4
f 560/560/4 539/539/4 540/540/4
f 540/540/4 561/561/4 560/560/4
f 561/561/4 540/540/4 541/541/4
f 541/541/4 562/562/4 561/561/4
f 562/562/4 541/541/4 542/542/4
f 542/542/4 563/563/4 562/562/4
f 563/563/4 542/542/4 543/543/4
f 543/543/4 564/564/4 563/563/4
f 564/564/4 543/543/4 544/544/4
f 544/544/4 565/565/4 564/564/4
f 565/565/4 544/544/4 545/545/4
f 545/545/4 566/566/4 565/565/4
f 566/566/4 545/545/4 546/546/4
f 546/546/4 567/567/4 566/566/4
f 569/569/4 548/548/4 547/547/4
f 547/547/4 568/568/4 569/569/4
f 568/568/4 547/547/4 549/549/4
f 549/549/4 570/570/4 568/568/4
f 570/570/4 549/549/4 550/550/4
f 550/550/4 571/571/4 570/570/4
f 571/571/4 550/550/4 551/551/4
f 551/551/4 572/572/4 571/571/4
f 572/572/4 551/551/4 552/552/4
f 552/552/4 573/573/4 572/572/4
f 573/573/4 552/552/4 553/553/4
f 553/553/4 574/574/4 573/573/4
f 574/574/4 553/553/4 554/554/4
f 554/554/4 575/575/4 574/574/4
f 575/575/4 554/554/4 555/555/4
f 555/555/4 576/576/4 575/575/4
f 576/576/4 555/555/4 556/556/4
f 556/556/4 577/577/4 576/576/4
f 577/577/4 556/556/4 557/557/4
f 557/557/4 578/578/4 577/577/4
f 578/578/4 557/557/4 558/558/4
f 558/558/4 579/579/4 578/578/4
f 579/579/4 558/558/4 559/559/4
f 559/559/4 580/580/4 579/579/4
f 580/580/4 559/559/4 560/560/4
f 560/560/4 581/581/4 580/580/4
f 581/581/4 560/560/4 561/561/4
f 561/561/4 582/582/4 581/581/4
f 582/582/4 561/561/4 562/562/4
f 562/562/4 583/583/4 582/582/4
f 583/583/4 562/562/4 563/563/4
f 563/563/4 584/584/4 583/583/4
f 584/584/4 563/563/4 564/564/4
f 564/564/4 585/585/4 584/584/4
f 585/585/4 564/564/4 565/565/4
f 565/565/4 586/586/4 585/585/4
f 586/586/4 565/565/4 566/566/4
f 566/566/4 587/587/4 586/586/4
f 587/587/4 566/566/4 567/567/4
f 567/567/4 588/588/4 587/587/4
f 590/590/4 569/569/4 568/568/4
f 568/568/4 589/589/4 590/590/4
f 589/589/4 568/568/4 570/570/4
f 570/570/4 591/591/4 589/589/4
f 591/591/4 570/570/4 571/571/4
f 571/571/4 592/592/4 591/591/4
f 592/592/4 571/571/4 572/572/4
f 572/572/4 593/593/4 592/592/4
f 593/593/4 572/572/4 573/573/4
f 573/573/4 594/594/4 593/593/4
f 594/594/4 573/573/4 574/574/4
f 574/574/4 595/595/4 594/594/4
f 595/595/4 574/574/4 575/575/4
f 575/575/4 596/596/4 595/595/4
f 596/596/4 575/575/4 576/576/4
f 576/576/4 597/597/4 596/596/4
f 597/597/4 576/576/4 577/577/4
f 577/577/4 598/598/4 597/597/4
f 598/598/4 577/577/4 578/578/4
f 578/578/4 599/599/4 598/598/4
f 599/599/4 578/578/4 579/579/4
f 579/579/4 600/600/4 599/599/4
f 600/600/4 579/579/4 580/580/4
f 580/580/4 601/601/4 600/600/4
f 601/601/4 580/580/4 581/581/4
f 581/581/4 602/602/4 601/601/4
f 602/602/4 581/581/4 582/582/4
f 582/582/4 603/603/4 602/602/4
f 603/603/4 582/582/4 583/583/4
f 583/583/4 604/604/4 603/603/4
f 604/604/4 583/583/4 584/584/4
f 584/584/4 605/605/4 604/604/4
f 605/605/4 584/584/4 585/585/4
f 585/585/4 606/606/4 605/605/4
f 606/606/4 585/585/4 586/586/4
f 586/586/4 607/607/4 606/606/4
f 607/607/4 586/586/4 587/587/4
f 587/587/4 608/608/4 607/607/4
f 608/608/4 587/587/4 588/588/4
f 588/588/4 609/609/4 608/608/4
f 611/611/4 590/590/4 589/589/4
f 589/589/4 610/610/4 611/611/4
f 610/610/4 589/589/4 591/591/4
f 591/591/4 612/612/4 610/610/4
f 612/612/4 591/591/4 592/592/4
f 592/592/4 613/613/4 612/612/4
f 613/613/4 592/592/4 593/593/4
f 593/593/4 614/614/4 613/613/4
f 614/614/4 593/593/4 594/594/4
f 594/594/4 615/615/4 614/614/4
f 615/615/4 594/594/4 595/595/4
f 595/595/4 616/616/4 615/615/4
f 616/616/4 595/595/4 596/596/4
f 596/596/4 617/617/4 616/616/4
f 617/617/4 596/596/4 597/597/4
f 597/597/4 618/618/4 617/617/4
f 618/618/4 597/597/4 598/598/4
f 598/598/4 619/619/4 618/618/4
f 619/619/4 598/598/4 599/599/4
f 599/599/4 620/620/4 619/619/4
f 620/620/4 599/599/4 600/600/4
f 600/600/4 621/621/4 620/620/4
f 621/621/4 600/600/4 601/601/4
f 601/601/4 622/622/4 621/621/4
f 622/622/4 601/601/4 602/602/4
f 602/602/4 623/623/4 622/622/4
f 623/623/4 602/602/4 603/603/4
f 603/603/4 624/624/4 623/623/4
f 624/624/4 603/603/4 604/604/4
f 604/604/4 625/625/4 624/624/4
f 625/625/4 604/604/4 605/605/4
f 605/605/4 626/626/4 625/625/4
f 626/626/4 605/605/4 606/606/4
f 606/606/4 627/627/4 626/626/4
f 627/627/4 606/606/4 607/607/4
f 607/607/4 628/628/4 627/627/4
f 628/628/4 607/607/4 608/608/4
f 608/608/4 629/629/4 628/628/4
f 629/629/4 608/608/4 609/609/4
f 609/609/4 630/630/4 629/629/4
f 632/632/4 611/611/4 610/610/4
f 610/610/4 631/631/4 632/632/4
f 631/631/4 610/610/4 612/612/4
f 612/612/4 633/633/4 631/631/4
f 633/633/4 612/612/4 613/613/4
f 613/613/4 634/634/4 633/633/4
f 634/634/4 613/613/4 614/614/4
f 614/614/4 635/635/4 634/634/4
f 635/635/4 614/614/4 615/615/4
f 615/615/4 636/636/4 635/635/4
f 636/636/4 615/615/4 616/616/4
f 616/616/4 637/637/4 636/636/4
f 637/637/4 616/616/4 617/617/4
f 617/617/4 638/638/4 637/637/4
f 638/638/4 617/617/4 618/618/4
f 618/618/4 639/639/4 638/638/4
f 639/639/4 618/618/4 619/619/4
f 619/619/4 640/640/4 639/639/4
f 640/640/4 619/619/4 620/620/4
f 620/620/4 641/641/4 640/640/4
f 641/641/4 620/620/4 621/621/4
f 621/621/4 642/642/4 641/641/4
f 642/642/4 621/621/4 622/622/4
f 622/622/4 643/643/4 642/642/4
f 643/643/4 622/622/4 623/623/4
f 623/623/4 644/644/4 643/643/4
f 644/644/4 623/623/4 624/624/4
f 624/624/4 645/645/4 644/644/4
f 645/645/4 624/624/4 625/625/4
f 625/625/4 646/646/4 645/645/4
f 646/646/4 625/625/4 626/626/4
f 626/626/4 647/647/4 646/646/4
f 647/647/4 626/626/4 627/627/4
f 627/627/4 648/648/4 647/647/4
f 648/648/4 627/627/4 628/628/4
f 628/628/4 649/649/4 648/648/4
f 649/649/4 628/628/4 629/629/4
f 629/629/4 650/650/4 649/649/4
f 650/650/4 629/629/4 630/630/4
f 630/630/4 651/651/4 650/650/4
f 653/653/4 632/632/4 631/631/4
f 631/631/4 652/652/4 653/653/4
f 652/652/4 631/631/4 633/633/4
f 633/633/4 654/654/4 652/652/4
f 654/654/4 633/633/4 634/634/4
f 634/634/4 655/655/4 654/654/4
f 655/655/4 634/634/4 635/635/4
f 635/635/4 656/656/4 655/655/4
f 656/656/4 635/635/4 636/636/4
f 636/636/4 657/657/4 656/656/4
f 657/657/4 636/636/4 637/637/4
f 637/637/4 658/658/4 657/657/4
f 658/658/4 637/637/4 638/638/4
f 638/638/4 659/659/4 658/658/4
f 659/659/4 638/638/4 639/639/4
f 639/639/4 660/660/4 659/659/4
f 660/660/4 639/639/4 640/640/4
f 640/640/4 661/661/4 660/660/4
f 661/661/4 640/640/4 641/641/4
f 641/641/4 662/662/4 661/661/4
f 662/662/4 641/641/4 642/642/4
f 642/642/4 663/663/4 662/662/4
f 663/663/4 642/642/4 643/643/4
f 643/643/4 664/664/4 663/663/4
f 664/664/4 643/643/4 644/644/4
f 644/644/4 665/665/4 664/664/4
f 665/665/4 644/644/4 645/645/4
f 645/645/4 666/666/4 665/665/4
f 666/666/4 645/645/4 646/646/4
f 646/646/4 667/667/4 666/666/4
f 667/667/4 646/646/4 647/647/4
f 647/647/4 668/668/4 667/667/4
f 668/668/4 647/647/4 648/648/4
f 648/648/4 669/669/4 668/668/4
f 669/669/4 648/648/4 649/649/4
f 649/649/4 670/670/4 669/669/4
f 670/670/4 649/649/4 650/650/4
f 650/650/4 671/671/4 670/670/4
f 671/671/4 650/650/4 651/651/4
f 651/651/4 672/672/4 671/671/4
f 674/674/4 653/653/4 652/652/4
f 652/652/4 673/673/4 674/674/4
f 673/673/4 652/652/4 654/654/4
f 654/654/4 675/675/4 673/673/4
f 675/675/4 654/654/4 655/655/4
f 655/655/4 676/676/4 675/675/4
f 676/676/4 655/655/4 656/656/4
f 656/656/4 677/677/4 676/676/4
f 677/677/4 656/656/4 657/657/4
f 657/657/4 678/678/4 677/677/4
f 678/678/4 657/657/4 658/658/4
f 658/658/4 679/679/4 678/678/4
f 679/679/4 658/658/4 659/659/4
f 659/659/4 680/680/4 679/679/4
f 680/680/4 659/659/4 660/660/4
f 660/660/4 681/681/4 680/680/4
f 681/681/4 660/660/4 661/661/4
f 661/661/4 682/682/4 681/681/4
f 682/682/4 661/661/4 662/662/4
f 662/662/4 683/683/4 682/682/4
f 683/683/4 662/662/4 663/663/4
f 663/663/4 684/684/4 683/683/4
f 684/684/4 663/663/4 664/664/4
f 664/664/4 685/685/4 684/684/4
f 685/685/4 664/664/4 665/665/4
f 665/665/4 686/686/4 685/685/4
f 686/686/4 665/665/4 666/666/4
f 666/666/4 687/687/4 686/686/4
f 687/687/4 666/666/4 667/667/4
f 667/667/4 688/688/4 687/687/4
f 688/688/4 667/667/4 668/668/4
f 668/668/4 689/689/4 688/688/4
f 689/689/4 668/668/4 669/669/4
f 669/669/4 690/690/4 689/689/4
f 690/690/4 669/669/4 670/670/4
f 670/670/4 691/691/4 690/690/4
f 691/691/4 670/670/4 671/671/4
f 671/671/4 692/692/4 691/691/4
f 692/692/4 671/671/4 672/672/4
f 672/672/4 693/693/4 692/692/4
f 695/695/4 674/674/4 673/673/4
f 673/673/4 694/694/4 695/695/4
f 694/694/4 673/673/4 675/675/4
f 675/675/4 696/696/4 694/694/4
f 696/696/4 675/675/4 676/676/4
f 676/676/4 697/697/4 696/696/4
f 697/697/4 676/676/4 677/677/4
f 677/677/4 698/698/4 697/697/4
f 698/698/4 677/677/4 678/678/4
f 678/678/4 699/699/4 698/698/4
f 699/699/4 678/678/4 679/679/4
f 679/679/4 700/700/4 699/699/4
f 700/700/4 679/679/4 680/680/4
f 680/680/4 701/701/4 700/700/4
f 701/701/4 680/680/4 681/681/4
f 681/681/4 702/702/4 701/701/4
f 702/702/4 681/681/4 682/682/4
f 682/682/4 703/703/4 702/702/4
f 703/703/4 682/682/4 683/683/4
f 683/683/4 704/704/4 703/703/4
f 704/704/4 683/683/4 684/684/4
f 684/684/4 705/705/4 704/704/4
f 705/705/4 684/684/4 685/685/4
f 685/685/4 706/706/4 705/705/4
f 706/706/4 685/685/4 686/686/4
f 686/686/4 707/707/4 706/706/4
f 707/707/4 686/686/4 687/687/4
f 687/687/4 708/708/4 707/707/4
f 708/708/4 687/687/4 688/688/4
f 688/688/4 709/709/4 708/708/4
f 709/709/4 688/688/4 689/689/4
f 689/689/4 710/710/4 709/709/4
f 710/710/4 689/689/4 690/690/4
f 690/690/4 711/711/4 710/710/4
f 711/711/4 690/690/4 691/691/4
f 691/691/4 712/712/4 711/711/4
f 712/712/4 691/691/4 692/692/4
f 692/692/4 713/713/4 712/712/4
f 713/713/4 692/692/4 693/693/4
f 693/693/4 714/714/4 713/713/4
f 716/716/4 695/695/4 694/694/4
f 694/694/4 715/715/4 716/716/4
f 715/715/4 694/694/4 696/696/4
f 696/696/4 717/717/4 715/715/4
f 717/717/4 696/696/4 697/697/4
f 697/697/4 718/718/4 717/717/4
f 718/718/4 697/697/4 698/698/4
f 698/698/4 719/719/4 718/718/4
f 719/719/4 698/698/4 699/699/4
f 699/699/4 720/720/4 719/719/4
f 720/720/4 699/699/4 700/700/4
f 700/700/4 721/721/4 720/720/4
f 721/721/4 700/700/4 701/701/4
f 701/701/4 722/722/4 721/721/4
f 722/722/4 701/701/4 702/702/4
f 702/702/4 723/723/4 722/722/4
f 723/723/4 702/702/4 703/703/4
f 703/703/4 724/724/4 723/723/4
f 724/724/4 703/703/4 704/704/4
f 704/704/4 725/725/4 724/724/4
f 725/725/4 704/704/4 705/705/4
f 705/705/4 726/726/4 725/725/4
f 726/726/4 705/705/4 706/706/4
f 706/706/4 727/727/4 726/726/4
f 727/727/4 706/706/4 707/707/4
f 707/707/4 728/728/4 727/727/4
f 728/728/4 707/707/4 708/708/4
f 708/708/4 729/729/4 728/728/4
f 729/729/4 708/708/4 709/709/4
f 709/709/4 730/730/4 729/729/4
f 730/730/4 709/709/4 710/710/4
f 710/710/4 731/731/4 730/730/4
f 731/731/4 710/710/4 711/711/4
f 711/711/4 732/732/4 731/731/4
f 732/732/4 711/711/4 712/712/4
f 712/712/4 733/733/4 732/732/4
f 733/733/4 712/712/4 713/713/4
f 713/713/4 734/734/4 733/733/4
f 734/734/4 713/713/4 714/714/4
f 714/714/4 735/735/4 734/734/4
f 737/737/4 716/716/4 715/715/4
f 715/715/4 736/736/4 737/737/4
f 736/736/4 715/715/4 717/717/4
f 717/717/4 738/738/4 736/736/4
f 738/738/4 717/717/4 718/718/4
f 718/718/4 739/739/4 738/738/4
f 739/739/4 718/718/4 719/719/4
f 719/719/4 740/740/4 739/739/4
f 740/740/4 719/719/4 720/720/4
f 720/720/4 741/741/4 740/740/4
f 741/741/4 720/720/4 721/721/4
f 721/721/4 742/742/4 741/741/4
f 742/742/4 721/721/4 722/722/4
f 722/722/4 743/743/4 742/742/4
f 743/743/4 722/722/4 723/723/4
f 723/723/4 744/744/4 743/743/4
f 744/744/4 723/723/4 724/724/4
f 724/724/4 745/745/4 744/744/4
f 745/745/4 724/724/4 725/725/4
f 725/725/4 746/746/4 745/745/4
f 746/746/4 725/725/4 726/726/4
f 726/726/4 747/747/4 746/746/4
f 747/747/4 726/726/4 727/727/4
f 727/727/4 748/748/4 747/747/4
f 748/748/4 727/727/4 728/728/4
f 728/728/4 749/749/4 748/748/4
f 749/749/4 728/728/4 729/729/4
f 729/729/4 750/750/4 749/749/4
f 750/750/4 729/729/4 730/730/4
f 730/730/4 751/751/4 750/750/4
f 751/751/4 730/730/4 731/731/4
f 731/731/4 752/752/4 751/751/4
f 752/752/4 731/731/4 732/732/4
f 732/732/4 753/753/4 752/752/4
f 753/753/4 732/732/4 733/733/4
f 733/733/4 754/754/4 753/753/4
f 754/754/4 733/733/4 734/734/4
f 734/734/4 755/755/4 754/754/4
f 755/755/4 734/734/4 735/735/4
f 735/735/4 756/756/4 755/755/4
f 758/758/4 737/737/4 736/736/4
f 736/736/4 757/757/4 758/758/4
f 757/757/4 736/736/4 738/738/4
f 738/738/4 759/759/4 757/757/4
f 759/759/4 738/738/4 739/739/4
f 739/739/4 760/760/4 759/759/4
f 760/760/4 739/739/4 740/740/4
f 740/740/4 761/761/4 760/760/4
f 761/761/4 740/740/4 741/741/4
f 741/741/4 762/762/4 761/761/4
f 762/762/4 741/741/4 742/742/4
f 742/742/4 763/763/4 762/762/4
f 763/763/4 742/742/4 743/743/4
f 743/743/4 764/764/4 763/763/4
f 764/764/4 743/743/4 744/744/4
f 744/744/4 765/765/4 764/764/4
f 765/765/4 744/744/4 745/745/4
f 745/745/4 766/766/4 765/765/4
f 766/766/4 745/745/4 746/746/4
f 746/746/4 767/767/4 766/766/4
f 767/767/4 746/746/4 747/747/4
f 747/747/4 768/768/4 767/767/4
f 768/768/4 747/747/4 748/748/4
f 748/748/4 769/769/4 768/768/4
f 769/769/4 748/748/4 749/749/4
f 749/749/4 770/770/4 769/769/4
f 770/770/4 749/749/4 750/750/4
f 750/750/4 771/771/4 770/770/4
f 771/771/4 750/750/4 751/751/4
f 751/751/4 772/772/4 771/771/4
f 772/772/4 751/751/4 752/752/4
f 752/752/4 773/773/4 772/772/4
f 773/773/4 752/752/4 753/753/4
f 753/753/4 774/774/4 773/773/4
f 774/774/4 753/753/4 754/754/4
f 754/754/4 775/775/4 774/774/4
f 775/775/4 754/754/4 755/755/4
f 755/755/4 776/776/4 775/775/4
f 776/776/4 755/755/4 756/756/4
f 756/756/4 777/777/4 776/776/4
f 779/779/4 758/758/4 757/757/4
f 757/757/4 778/778/4 779/779/4
f 778/778/4 757/757/4 759/759/4
f 759/759/4 780/780/4 778/778/4
f 780/780/4 759/759/4 760/760/4
f 760/760/4 781/781/4 780/780/4
f 781/781/4 760/760/4 761/761/4
f 761/761/4 782/782/4 781/781/4
f 782/782/4 761/761/4 762/762/4
f 762/762/4 783/783/4 782/782/4
f 783/783/4 762/762/4 763/763/4
f 763/763/4 784/784/4 783/783/4
f 784/784/4 763/763/4 764/764/4
f 764/764/4 785/785/4 784/784/4
f 785/785/4 764/764/4 765/765/4
f 765/765/4 786/786/4 785/785/4
f 786/786/4 765/765/4 766/766/4
f 766/766/4 787/787/4 786/786/4
f 787/787/4 766/766/4 767/767/4
f 767/767/4 788/788/4 787/787/4
f 788/788/4 767/767/4 768/768/4
f 768/768/4 789/789/4 788/788/4
f 789/789/4 768/768/4 769/769/4
f 769/769/4 790/790/4 789/789/4
f 790/790/4 769/769/4 770/770/4
f 770/770/4 791/791/4 790/790/4
f 791/791/4 770/770/4 771/771/4
f 771/771/4 792/792/4 791/791/4
f 792/792/4 771/771/4 772/772/4
f 772/772/4 793/793/4 792/792/4
f 793/793/4 772/772/4 773/773/4
f 773/773/4 794/794/4 793/793/4
f 794/794/4 773/773/4 774/774/4
f 774/774/4 795/795/4 794/794/4
f 795/795/4 774/774/4 775/775/4
f 775/775/4 796/796/4 795/795/4
f 796/796/4 775/775/4 776/776/4
f 776/776/4 797/797/4 796/796/4
f 797/797/4 776/776/4 777/777/4
f 777/777/4 798/798/4 797/797/4
f 800/800/4 779/779/4 778/778/4
f 778/778/4 799/799/4 800/800/4
f 799/799/4 778/778/4 780/780/4
f 780/780/4 801/801/4 799/799/4
f 801/801/4 780/780/4 781/781/4
f 781/781/4 802/802/4 801/801/4
f 802/802/4 781/781/4 782/782/4
f 782/782/4 803/803/4 802/802/4
f 803/803/4 782/782/4 783/783/4
f 783/783/4 804/804/4 803/803/4
f 804/804/4 783/783/4 784/784/4
f 784/784/4 805/805/4 804/804/4
f 805/805/4 784/784/4 785/785/4
f 785/785/4 806/806/4 805/805/4
f 806/806/4 785/785/4 786/786/4
f 786/786/4 807/807/4 806/806/4
f 807/807/4 786/786/4 787/787/4
f 787/787/4 808/808/4 807/807/4
f 808/808/4 787/787/4 788/788/4
f 788/788/4 809/809/4 808/808/4
f 809/809/4 788/788/4 789/789/4
f 789/789/4 810/810/4 809/809/4
f 810/810/4 789/789/4 790/790/4
f 790/790/4 811/811/4 810/810/4
f 811/811/4 790/790/4 791/791/4
f 791/791/4 812/812/4 811/811/4
f 812/812/4 791/791/4 792/792/4
f 792/792/4 813/813/4 812/812/4
f 813/813/4 792/792/4 793/793/4
f 793/793/4 814/814/4 813/813/4
f 814/814/4 793/793/4 794/794/4
f 794/794/4 815/815/4 814/814/4
f 815/815/4 794/794/4 795/795/4
f 795/795/4 816/816/4 815/815/4
f 816/816/4 795/795/4 796/796/4
f 796/796/4 817/817/4 816/816/4
f 817/817/4 796/796/4 797/797/4
f 797/797/4 818/818/4 817/817/4
f 818/818/4 797/797/4 798/798/4
f 798/798/4 819/819/4 818/818/4
f 821/821/4 800/800/4 799/799/4
f 799/799/4 820/820/4 821/821/4
f 820/820/4 799/799/4 801/801/4
f 801/801/4 822/822/4 820/820/4
f 822/822/4 801/801/4 802/802/4
f 802/802/4 823/823/4 822/822/4
f 823/823/4 802/802/4 803/803/4
f 803/803/4 824/824/4 823/823/4
f 824/824/4 803/803/4 804/804/4
f 804/804/4 825/825/4 824/824/4
f 825/825/4 804/804/4 805/805/4
f 805/805/4 826/826/4 825/825/4
f 826/826/4 805/805/4 806/806/4
f 806/806/4 827/827/4 826/826/4
f 827/827/4 806/806/4 807/807/4
f 807/807/4 828/828/4 827/827/4
f 828/828/4 807/807/4 808/808/4
f 808/808/4 829/829/4 828/828/4
f 829/829/4 808/808/4 809/809/4
f 809/809/4 830/830/4 829/829/4
f 830/830/4 809/809/4 810/810/4
f 810/810/4 831/831/4 830/830/4
f 831/831/4 810/810/4 811/811/4
f 811/811/4 832/832/4 831/831/4
f 832/832/4 811/811/4 812/812/4
f 812/812/4 833/833/4 832/832/4
f 833/833/4 812/812/4 813/813/4
f 813/813/4 834/834/4 833/833/4
f 834/834/4 813/813/4 814/814/4
f 814/814/4 835/835/4 834/834/4
f 835/835/4 814/814/4 815/815/4
f 815/815/4 836/836/4 835/835/4
f 836/836/4 815/815/4 816/816/4
f 816/816/4 837/837/4 836/836/4
f 837/837/4 816/816/4 817/817/4
f 817/817/4 838/838/4 837/837/4
f 838/838/4 817/817/4 818/818/4
f 818/818/4 839/839/4 838/838/4
f 839/839/4 818/818/4 819/819/4
f 819/819/4 840/840/4 839/839/4
f 842/842/4 821/821/4 820/820/4
f 820/820/4 841/841/4 842/842/4
f 841/841/4 820/820/4 822/822/4
f 822/822/4 843/843/4 841/841/4
f 843/843/4 822/822/4 823/823/4
f 823/823/4 844/844/4 843/843/4
f 844/844/4 823/823/4 824/824/4
f 824/824/4 845/845/4 844/844/4
f 845/845/4 824/824/4 825/825/4
f 825/825/4 846/846/4 845/845/4
f 846/846/4 825/825/4 826/826/4
f 826/826/4 847/847/4 846/846/4
f 847/847/4 826/826/4 827/827/4
f 827/827/4 848/848/4 847/847/4
f 848/848/4 827/827/4 828/828/4
f 828/828/4 849/849/4 848/848/4
f 849/849/4 828/828/4 829/829/4
f 829/829/4 850/850/4 849/849/4
f 850/850/4 829/829/4 830/830/4
f 830/830/4 851/851/4 850/850/4
f 851/851/4 830/830/4 831/831/4
f 831/831/4 852/852/4 851/851/4
f 852/852/4 831/831/4 832/832/4
f 832/832/4 853/853/4 852/852/4
f 853/853/4 832/832/4 833/833/4
f 833/833/4 854/854/4 853/853/4
f 854/854/4 833/833/4 834/834/4
f 834/834/4 855/855/4 854/854/4
f 855/855/4 834/834/4 835/835/4
f 835/835/4 856/856/4 855/855/4
f 856/856/4 835/835/4 836/836/4
f 836/836/4 857/857/4 856/856/4
f 857/857/4 836/836/4 837/837/4
f 837/837/4 858/858/4 857/857/4
f 858/858/4 837/837/4 838/838/4
f 838/838/4 859/859/4 858/858/4
f 859/859/4 838/838/4 839/839/4
f 839/839/4 860/860/4 859/859/4
f 860/860/4 839/839/4 840/840/4
f 840/840/4 861/861/4 860/860/4
f 863/863/4 842/842/4 841/841/4
f 841/841/4 862/862/4 863/863/4
f 862/862/4 841/841/4 843/843/4
f 843/843/4 864/864/4 862/862/4
f 864/864/4 843/843/4 844/844/4
f 844/844/4 865/865/4 864/864/4
f 865/865/4 844/844/4 845/845/4
f 845/845/4 866/866/4 865/865/4
f 866/866/4 845/845/4 846/846/4
f 846/846/4 867/867/4 866/866/4
f 867/867/4 846/846/4 847/847/4
f 847/847/4 868/868/4 867/867/4
f 868/868/4 847/847/4 848/848/4
f 848/848/4 869/869/4 868/868/4
f 869/869/4 848/848/4 849/849/4
f 849/849/4 870/870/4 869/869/4
f 870/870/4 849/849/4 850/850/4
f 850/850/4 871/871/4 870/870/4
f 871/871/4 850/850/4 851/851/4
f 851/851/4 872/872/4 871/871/4
f 872/872/4 851/851/4 852/852/4
f 852/852/4 873/873/4 872/872/4
f 873/873/4 852/852/4 853/853/4
f 853/853/4 874/874/4 873/873/4
f 874/874/4 853/853/4 854/854/4
f 854/854/4 875/875/4 874/874/4
f 875/875/4 854/854/4 855/855/4
f 855/855/4 876/876/4 875/875/4
f 876/876/4 855/855/4 856/856/4
f 856/856/4 877/877/4 876/876/4
f 877/877/4 856/856/4 857/857/4
f 857/857/4 878/878/4 877/877/4
f 878/878/4 857/857/4 858/858/4
f 858/858/4 879/879/4 878/878/4
f 879/879/4 858/858/4 859/859/4
f 859/859/4 880/880/4 879/879/4
f 880/880/4 859/859/4 860/860/4
f 860/860/4 881/881/4 880/880/4
f 881/881/4 860/860/4 861/861/4
f 861/861/4 882/882/4 881/881/4
f 1/884/4 863/863/4 862/862/4
f 862/862/4 2/883/4 1/884/4
f 2/883/4 862/862/4 864/864/4
f 864/864/4 5/885/4 2/883/4
f 5/885/4 864/864/4 865/865/4
f 865/865/4 7/886/4 5/885/4
f 7/886/4 865/865/4 866/866/4
f 866/866/4 9/887/4 7/886/4
f 9/887/4 866/866/4 867/867/4
f 867/867/4 11/888/4 9/887/4
f 11/888/4 867/867/4 868/868/4
f 868/868/4 13/889/4 11/888/4
f 13/889/4 868/868/4 869/869/4
f 869/869/4 15/890/4 13/889/4
f 15/890/4 869/869/4 870/870/4
f 870/870/4 17/891/4 15/890/4
f 17/891/4 870/870/4 871/871/4
f 871/871/4 19/892/4 17/891/4
f 19/892/4 871/871/4 872/872/4
f 872/872/4 21/893/4 19/892/4
f 21/893/4 872/872/4 873/873/4
f 873/873/4 23/894/4 21/893/4
f 23/894/4 873/873/4 874/874/4
f 874/874/4 25/895/4 23/894/4
f 25/895/4 874/874/4 875/875/4
f 875/875/4 27/896/4 25/895/4
f 27/896/4 875/875/4 876/876/4
f 876/876/4 29/897/4 27/896/4
f 29/897/4 876/876/4 877/877/4
f 877/877/4 31/898/4 29/897/4
f 31/898/4 877/877/4 878/878/4
f 878/878/4 33/899/4 31/898/4
f 33/899/4 878/878/4 879/879/4
f 879/879/4 35/900/4 33/899/4
f 35/900/4 879/879/4 880/880/4
f 880/880/4 37/901/4 35/900/4
f 37/901/4 880/880/4 881/881/4
f 881/881/4 39/902/4 37/901/4
f 39/902/4 881/881/4 882/882/4
f 882/882/4 41/903/4 39/902/4
f 441/907/7 504/904/5 483/905/6
f 483/905/6 462/906/6 441/907/7
f 420/909/8 525/908/8 504/904/5
f 504/904/5 441/907/7 420/909/8
f 399/911/8 546/910/8 525/908/8
f 525/908/8 420/909/8 399/911/8
f 378/913/9 567/912/9 546/910/8
f 546/910/8 399/911/8 378/913/9
f 357/915/10 588/914/10 567/912/9
f 567/912/9 378/913/9 357/915/10
f 336/917/12 609/916/11 588/914/10
f 588/914/10 357/915/10 336/917/12
f 315/919/13 630/918/13 609/916/11
f 609/916/11 336/917/12 315/919/13
f 294/921/14 651/920/14 630/918/13
f 630/918/13 315/919/13 294/921/14
f 273/923/14 672/922/14 651/920/14
f 651/920/14 294/921/14 273/923/14
f 252/925/14 693/924/14 672/922/14
f 672/922/14 273/923/14 252/925/14
f 231/927/14 714/926/14 693/924/14
f 693/924/14 252/925/14 231/927/14
f 210/929/14 735/928/14 714/926/14
f 714/926/14 231/927/14 210/929/14
f 189/931/13 756/930/13 735/928/14
f 735/928/14 210/929/14 189/931/13
f 168/933/11 777/932/12 756/930/13
f 756/930/13 189/931/13 168/933/11
f 147/935/9 798/934/9 777/932/12
f 777/932/12 168/933/11 147/935/9
f 126/937/8 819/936/8 798/934/9
f 798/934/9 147/935/9 126/937/8
f 105/939/8 840/938/8 819/936/8
f 819/936/8 126/937/8 105/939/8
f 84/941/8 861/940/8 840/938/8
f 840/938/8 105/939/8 84/941/8
f 63/943/16 882/942/15 861/940/8
f 861/940/8 84/941/8 63/943/16
f 42/42/17 41/41/17 882/942/15
f 882/942/15 63/943/16 42/42/17
f 443/947/18 464/944/18 485/945/18
f 485/945/18 422/946/18 443/947/18
f 422/946/18 485/945/18 506/948/18
f 506/948/18 401/949/18 422/946/18
f 401/949/18 506/948/18 527/950/18
f 527/950/18 380/951/18 401/949/18
f 380/951/18 527/950/18 548/952/18
f 548/952/18 359/953/18 380/951/18
f 359/953/18 548/952/18 569/954/18
f 569/954/18 338/955/18 359/953/18
f 338/955/18 569/954/18 590/956/18
f 590/956/18 317/957/18 338/955/18
f 317/957/18 590/956/18 611/958/18
f 611/958/18 296/959/18 317/957/18
f 296/959/18 611/958/18 632/960/18
f 632/960/18 275/961/18 296/959/18
f 275/961/18 632/960/18 653/962/18
f 653/962/18 254/963/18 275/961/18
f 254/963/18 653/962/18 674/964/18
f 674/964/18 233/965/18 254/963/18
f 233/965/18 674/964/18 695/966/18
f 695/966/18 212/967/18 233/965/18
f 212/967/18 695/966/18 716/968/18
f 716/968/18 191/969/18 212/967/18
f 191/969/18 716/968/18 737/970/18
f 737/970/18 170/971/18 191/969/18
f 170/971/18 737/970/18 758/972/18
f 758/972/18 149/973/18 170/971/18
f 149/973/18 758/972/18 779/974/18
f 779/974/18 128/975/18 149/973/18
f 128/975/18 779/974/18 800/976/18
f 800/976/18 107/977/18 128/975/18
f 107/977/18 800/976/18 821/978/18
f 821/978/18 86/979/18 107/977/18
f 86/979/18 821/978/18 842/980/18
f 842/980/18 65/981/18 86/979/18
f 65/981/18 842/980/18 863/982/18
f 863/982/18 44/983/18 65/981/18
f 44/983/18 863/982/18 1/1/18
f 1/1/18 4/4/18 44/983/18
